<?xml version='1.0' encoding='UTF-8'?>
<!DOCTYPE faces-config PUBLIC
  "-//Sun Microsystems, Inc.//DTD JavaServer Faces Config 1.1//EN"
  "http://java.sun.com/dtd/web-facesconfig_1_1.dtd">

<!--
 Copyright 2005 Sun Microsystems, Inc. All rights reserved.
 SUN PROPRIETARY/CONFIDENTIAL. Use is subject to license terms.
-->

<faces-config>

  <!--<application>-->
    <!--<message-bundle>org.yawlfoundation.yawl.resourcing.jsf.YawlUI</message-bundle>-->
  <!--</application>-->
    
  <lifecycle>
      <phase-listener>
          org.yawlfoundation.yawl.resourcing.jsf.CachePhaseListener
      </phase-listener>
  </lifecycle>

</faces-config>
