<?xml version="1.0" encoding="UTF-8"?>
<!DOCTYPE faces-config PUBLIC "-//Sun Microsystems, Inc.//DTD JavaServer Faces Config 1.1//EN"
                              "http://java.sun.com/dtd/web-facesconfig_1_1.dtd">
<faces-config>
    <managed-bean>
        <managed-bean-name>Login</managed-bean-name>
        <managed-bean-class>org.yawlfoundation.yawl.resourcing.jsf.Login</managed-bean-class>
        <managed-bean-scope>request</managed-bean-scope>
    </managed-bean>
    <managed-bean>
        <managed-bean-name>SessionBean</managed-bean-name>
        <managed-bean-class>org.yawlfoundation.yawl.resourcing.jsf.SessionBean</managed-bean-class>
        <managed-bean-scope>session</managed-bean-scope>
    </managed-bean>
    <managed-bean>
        <managed-bean-name>userWorkQueues</managed-bean-name>
        <managed-bean-class>org.yawlfoundation.yawl.resourcing.jsf.userWorkQueues</managed-bean-class>
        <managed-bean-scope>request</managed-bean-scope>
    </managed-bean>
    <managed-bean>
        <managed-bean-name>ApplicationBean</managed-bean-name>
        <managed-bean-class>org.yawlfoundation.yawl.resourcing.jsf.ApplicationBean</managed-bean-class>
        <managed-bean-scope>application</managed-bean-scope>
    </managed-bean>
    <managed-bean>
        <managed-bean-name>RequestBean</managed-bean-name>
        <managed-bean-class>org.yawlfoundation.yawl.resourcing.jsf.RequestBean</managed-bean-class>
        <managed-bean-scope>request</managed-bean-scope>
    </managed-bean>
    <managed-bean>
        <managed-bean-name>pfQueueUI</managed-bean-name>
        <managed-bean-class>org.yawlfoundation.yawl.resourcing.jsf.pfQueueUI</managed-bean-class>
        <managed-bean-scope>request</managed-bean-scope>
    </managed-bean>
    <managed-bean>
        <managed-bean-name>pfHeader</managed-bean-name>
        <managed-bean-class>org.yawlfoundation.yawl.resourcing.jsf.pfHeader</managed-bean-class>
        <managed-bean-scope>request</managed-bean-scope>
    </managed-bean>
    <managed-bean>
        <managed-bean-name>pfMenubar</managed-bean-name>
        <managed-bean-class>org.yawlfoundation.yawl.resourcing.jsf.pfMenubar</managed-bean-class>
        <managed-bean-scope>session</managed-bean-scope>
    </managed-bean>
    <managed-bean>
        <managed-bean-name>caseMgt</managed-bean-name>
        <managed-bean-class>org.yawlfoundation.yawl.resourcing.jsf.caseMgt</managed-bean-class>
        <managed-bean-scope>request</managed-bean-scope>
    </managed-bean>
    <managed-bean>
        <managed-bean-name>dynForm</managed-bean-name>
        <managed-bean-class>org.yawlfoundation.yawl.resourcing.jsf.dynForm</managed-bean-class>
        <managed-bean-scope>request</managed-bean-scope>
    </managed-bean>
    <managed-bean>
        <managed-bean-name>selectUser</managed-bean-name>
        <managed-bean-class>org.yawlfoundation.yawl.resourcing.jsf.selectUser</managed-bean-class>
        <managed-bean-scope>request</managed-bean-scope>
    </managed-bean>
    <managed-bean>
        <managed-bean-name>addInstance</managed-bean-name>
        <managed-bean-class>org.yawlfoundation.yawl.resourcing.jsf.addInstance</managed-bean-class>
        <managed-bean-scope>request</managed-bean-scope>
    </managed-bean>
    <managed-bean>
        <managed-bean-name>teamQueues</managed-bean-name>
        <managed-bean-class>org.yawlfoundation.yawl.resourcing.jsf.teamQueues</managed-bean-class>
        <managed-bean-scope>request</managed-bean-scope>
    </managed-bean>
    <managed-bean>
        <managed-bean-name>DynFormFactory</managed-bean-name>
        <managed-bean-class>org.yawlfoundation.yawl.resourcing.jsf.dynform.DynFormFactory</managed-bean-class>
        <managed-bean-scope>session</managed-bean-scope>
    </managed-bean>
    <managed-bean>
        <managed-bean-name>customServices</managed-bean-name>
        <managed-bean-class>org.yawlfoundation.yawl.resourcing.jsf.customServices</managed-bean-class>
        <managed-bean-scope>request</managed-bean-scope>
    </managed-bean>
    <managed-bean>
        <managed-bean-name>externalClients</managed-bean-name>
        <managed-bean-class>org.yawlfoundation.yawl.resourcing.jsf.externalClients</managed-bean-class>
        <managed-bean-scope>request</managed-bean-scope>
    </managed-bean>
    <managed-bean>
        <managed-bean-name>participantData</managed-bean-name>
        <managed-bean-class>org.yawlfoundation.yawl.resourcing.jsf.participantData</managed-bean-class>
        <managed-bean-scope>request</managed-bean-scope>
    </managed-bean>
    <managed-bean>
        <managed-bean-name>adminQueues</managed-bean-name>
        <managed-bean-class>org.yawlfoundation.yawl.resourcing.jsf.adminQueues</managed-bean-class>
        <managed-bean-scope>request</managed-bean-scope>
    </managed-bean>
    <managed-bean>
        <managed-bean-name>pfAddRemove</managed-bean-name>
        <managed-bean-class>org.yawlfoundation.yawl.resourcing.jsf.pfAddRemove</managed-bean-class>
        <managed-bean-scope>request</managed-bean-scope>
    </managed-bean>
    <managed-bean>
        <managed-bean-name>viewProfile</managed-bean-name>
        <managed-bean-class>org.yawlfoundation.yawl.resourcing.jsf.viewProfile</managed-bean-class>
        <managed-bean-scope>request</managed-bean-scope>
    </managed-bean>
    <managed-bean>
        <managed-bean-name>pfOrgData</managed-bean-name>
        <managed-bean-class>org.yawlfoundation.yawl.resourcing.jsf.pfOrgData</managed-bean-class>
        <managed-bean-scope>request</managed-bean-scope>
    </managed-bean>
    <managed-bean>
        <managed-bean-name>orgDataMgt</managed-bean-name>
        <managed-bean-class>org.yawlfoundation.yawl.resourcing.jsf.orgDataMgt</managed-bean-class>
        <managed-bean-scope>request</managed-bean-scope>
    </managed-bean>
    <managed-bean>
        <managed-bean-name>pfNHResources</managed-bean-name>
        <managed-bean-class>org.yawlfoundation.yawl.resourcing.jsf.pfNHResources</managed-bean-class>
        <managed-bean-scope>request</managed-bean-scope>
    </managed-bean>
    <managed-bean>
        <managed-bean-name>nonHumanMgt</managed-bean-name>
        <managed-bean-class>org.yawlfoundation.yawl.resourcing.jsf.nonHumanMgt</managed-bean-class>
        <managed-bean-scope>request</managed-bean-scope>
    </managed-bean>
    <managed-bean>
        <managed-bean-name>calendarMgt</managed-bean-name>
        <managed-bean-class>org.yawlfoundation.yawl.resourcing.jsf.calendarMgt</managed-bean-class>
        <managed-bean-scope>request</managed-bean-scope>
    </managed-bean>
    <managed-bean>
        <managed-bean-name>visualiser</managed-bean-name>
        <managed-bean-class>org.yawlfoundation.yawl.resourcing.jsf.visualiser</managed-bean-class>
        <managed-bean-scope>request</managed-bean-scope>
    </managed-bean>
    <managed-bean>
        <managed-bean-name>rssFormViewer</managed-bean-name>
        <managed-bean-class>org.yawlfoundation.yawl.resourcing.jsf.rssFormViewer</managed-bean-class>
        <managed-bean-scope>request</managed-bean-scope>
    </managed-bean>
    <managed-bean>
        <managed-bean-name>pfRSSHeader</managed-bean-name>
        <managed-bean-class>org.yawlfoundation.yawl.resourcing.jsf.pfRSSHeader</managed-bean-class>
        <managed-bean-scope>request</managed-bean-scope>
    </managed-bean>    
    <managed-bean>
        <managed-bean-name>secResourceMgt</managed-bean-name>
        <managed-bean-class>org.yawlfoundation.yawl.resourcing.jsf.secResourceMgt</managed-bean-class>
        <managed-bean-scope>request</managed-bean-scope>
    </managed-bean>
</faces-config>
