<?xml version="1.0" encoding="UTF-8"?>
<!DOCTYPE faces-config PUBLIC "-//Sun Microsystems, Inc.//DTD JavaServer Faces Config 1.1//EN"
                              "http://java.sun.com/dtd/web-facesconfig_1_1.dtd">
<faces-config>
    <navigation-rule>
        <from-view-id>/Login.jsp</from-view-id>
        <navigation-case>
            <from-outcome>showUserQueues</from-outcome>
            <to-view-id>/userWorkQueues.jsp</to-view-id>
        </navigation-case>
        <navigation-case>
            <from-outcome>showAdminQueues</from-outcome>
            <to-view-id>/adminQueues.jsp</to-view-id>
        </navigation-case>
    </navigation-rule>
    <navigation-rule>
        <from-view-id>/userWorkQueues.jsp</from-view-id>
        <navigation-case>
            <from-outcome>showCaseMgt</from-outcome>
            <to-view-id>/caseMgt.jsp</to-view-id>
        </navigation-case>
        <navigation-case>
            <from-outcome>loginPage</from-outcome>
            <to-view-id>/Login.jsp</to-view-id>
        </navigation-case>
        <navigation-case>
            <from-outcome>showDynForm</from-outcome>
            <to-view-id>/dynForm.jsp</to-view-id>
        </navigation-case>
        <navigation-case>
            <from-outcome>userSelect</from-outcome>
            <to-view-id>/selectUser.jsp</to-view-id>
        </navigation-case>
        <navigation-case>
            <from-outcome>addInstance</from-outcome>
            <to-view-id>/addInstance.jsp</to-view-id>
        </navigation-case>
        <navigation-case>
            <from-outcome>showServiceMgt</from-outcome>
            <to-view-id>/customServices.jsp</to-view-id>
        </navigation-case>
        <navigation-case>
            <from-outcome>showEditUserData</from-outcome>
            <to-view-id>/participantData.jsp</to-view-id>
        </navigation-case>
        <navigation-case>
            <from-outcome>showAdminQueues</from-outcome>
            <to-view-id>/adminQueues.jsp</to-view-id>
        </navigation-case>
        <navigation-case>
            <from-outcome>showViewProfile</from-outcome>
            <to-view-id>/viewProfile.jsp</to-view-id>
        </navigation-case>
        <navigation-case>
            <from-outcome>showEditOrgData</from-outcome>
            <to-view-id>/orgDataMgt.jsp</to-view-id>
        </navigation-case>
        <navigation-case>
            <from-outcome>showTeamQueues</from-outcome>
            <to-view-id>/teamQueues.jsp</to-view-id>
        </navigation-case>
        <navigation-case>
            <from-outcome>showExternalClients</from-outcome>
            <to-view-id>/externalClients.jsp</to-view-id>
        </navigation-case>
        <navigation-case>
            <from-outcome>showNonHumanResources</from-outcome>
            <to-view-id>/nonHumanMgt.jsp</to-view-id>
        </navigation-case>
         <navigation-case>
            <from-outcome>showCalendar</from-outcome>
            <to-view-id>/calendarMgt.jsp</to-view-id>
        </navigation-case>
        <navigation-case>
            <from-outcome>showVisualiser</from-outcome>
            <to-view-id>/visualiser.jsp</to-view-id>
        </navigation-case>
    </navigation-rule>
    <navigation-rule>
        <from-view-id>/caseMgt.jsp</from-view-id>
        <navigation-case>
            <from-outcome>showUserQueues</from-outcome>
            <to-view-id>/userWorkQueues.jsp</to-view-id>
        </navigation-case>
        <navigation-case>
            <from-outcome>loginPage</from-outcome>
            <to-view-id>/Login.jsp</to-view-id>
        </navigation-case>
        <navigation-case>
            <from-outcome>showDynForm</from-outcome>
            <to-view-id>/dynForm.jsp</to-view-id>
        </navigation-case>
        <navigation-case>
            <from-outcome>showServiceMgt</from-outcome>
            <to-view-id>/customServices.jsp</to-view-id>
        </navigation-case>
        <navigation-case>
            <from-outcome>showEditUserData</from-outcome>
            <to-view-id>/participantData.jsp</to-view-id>
        </navigation-case>
        <navigation-case>
            <from-outcome>showAdminQueues</from-outcome>
            <to-view-id>/adminQueues.jsp</to-view-id>
        </navigation-case>
        <navigation-case>
            <from-outcome>showViewProfile</from-outcome>
            <to-view-id>/viewProfile.jsp</to-view-id>
        </navigation-case>
        <navigation-case>
            <from-outcome>showEditOrgData</from-outcome>
            <to-view-id>/orgDataMgt.jsp</to-view-id>
        </navigation-case>
        <navigation-case>
            <from-outcome>showTeamQueues</from-outcome>
            <to-view-id>/teamQueues.jsp</to-view-id>
        </navigation-case>
        <navigation-case>
            <from-outcome>showExternalClients</from-outcome>
            <to-view-id>/externalClients.jsp</to-view-id>
        </navigation-case>
        <navigation-case>
            <from-outcome>showNonHumanResources</from-outcome>
            <to-view-id>/nonHumanMgt.jsp</to-view-id>
        </navigation-case>
        <navigation-case>
           <from-outcome>showCalendar</from-outcome>
           <to-view-id>/calendarMgt.jsp</to-view-id>
       </navigation-case>
    </navigation-rule>
    <navigation-rule>
        <from-view-id>/dynForm.jsp</from-view-id>
        <navigation-case>
            <from-outcome>showUserQueues</from-outcome>
            <to-view-id>/userWorkQueues.jsp</to-view-id>
        </navigation-case>
        <navigation-case>
            <from-outcome>showCaseMgt</from-outcome>
            <to-view-id>/caseMgt.jsp</to-view-id>
        </navigation-case>
        <navigation-case>
            <from-outcome>showVisualiser</from-outcome>
            <to-view-id>/visualiser.jsp</to-view-id>
        </navigation-case>
        <navigation-case>
            <from-outcome>showRssForm</from-outcome>
            <to-view-id>/rssFormViewer.jsp</to-view-id>
        </navigation-case>
    </navigation-rule>
    <navigation-rule>
        <from-view-id>/selectUser.jsp</from-view-id>
        <navigation-case>
            <from-outcome>showUserQueues</from-outcome>
            <to-view-id>/userWorkQueues.jsp</to-view-id>
        </navigation-case>
        <navigation-case>
            <from-outcome>showAdminQueues</from-outcome>
            <to-view-id>/adminQueues.jsp</to-view-id>
        </navigation-case>
    </navigation-rule>
    <navigation-rule>
        <from-view-id>/addInstance.jsp</from-view-id>
        <navigation-case>
            <from-outcome>showUserQueues</from-outcome>
            <to-view-id>/userWorkQueues.jsp</to-view-id>
        </navigation-case>
    </navigation-rule>
    <navigation-rule>
        <from-view-id>/customServices.jsp</from-view-id>
        <navigation-case>
            <from-outcome>loginPage</from-outcome>
            <to-view-id>/Login.jsp</to-view-id>
        </navigation-case>
        <navigation-case>
            <from-outcome>showCaseMgt</from-outcome>
            <to-view-id>/caseMgt.jsp</to-view-id>
        </navigation-case>
        <navigation-case>
            <from-outcome>showUserQueues</from-outcome>
            <to-view-id>/userWorkQueues.jsp</to-view-id>
        </navigation-case>
        <navigation-case>
            <from-outcome>showEditUserData</from-outcome>
            <to-view-id>/participantData.jsp</to-view-id>
        </navigation-case>
        <navigation-case>
            <from-outcome>showAdminQueues</from-outcome>
            <to-view-id>/adminQueues.jsp</to-view-id>
        </navigation-case>
        <navigation-case>
            <from-outcome>showViewProfile</from-outcome>
            <to-view-id>/viewProfile.jsp</to-view-id>
        </navigation-case>
        <navigation-case>
            <from-outcome>showEditOrgData</from-outcome>
            <to-view-id>/orgDataMgt.jsp</to-view-id>
        </navigation-case>
        <navigation-case>
            <from-outcome>showTeamQueues</from-outcome>
            <to-view-id>/teamQueues.jsp</to-view-id>
        </navigation-case>
        <navigation-case>
            <from-outcome>showExternalClients</from-outcome>
            <to-view-id>/externalClients.jsp</to-view-id>
        </navigation-case>
        <navigation-case>
            <from-outcome>showNonHumanResources</from-outcome>
            <to-view-id>/nonHumanMgt.jsp</to-view-id>
        </navigation-case>
        <navigation-case>
           <from-outcome>showCalendar</from-outcome>
           <to-view-id>/calendarMgt.jsp</to-view-id>
       </navigation-case>
    </navigation-rule>
    <navigation-rule>
        <from-view-id>/participantData.jsp</from-view-id>
        <navigation-case>
            <from-outcome>showServiceMgt</from-outcome>
            <to-view-id>/customServices.jsp</to-view-id>
        </navigation-case>
        <navigation-case>
            <from-outcome>loginPage</from-outcome>
            <to-view-id>/Login.jsp</to-view-id>
        </navigation-case>
        <navigation-case>
            <from-outcome>showCaseMgt</from-outcome>
            <to-view-id>/caseMgt.jsp</to-view-id>
        </navigation-case>
        <navigation-case>
            <from-outcome>showUserQueues</from-outcome>
            <to-view-id>/userWorkQueues.jsp</to-view-id>
        </navigation-case>
        <navigation-case>
            <from-outcome>showAdminQueues</from-outcome>
            <to-view-id>/adminQueues.jsp</to-view-id>
        </navigation-case>
        <navigation-case>
            <from-outcome>showViewProfile</from-outcome>
            <to-view-id>/viewProfile.jsp</to-view-id>
        </navigation-case>
        <navigation-case>
            <from-outcome>showEditOrgData</from-outcome>
            <to-view-id>/orgDataMgt.jsp</to-view-id>
        </navigation-case>
        <navigation-case>
            <from-outcome>showTeamQueues</from-outcome>
            <to-view-id>/teamQueues.jsp</to-view-id>
        </navigation-case>
        <navigation-case>
            <from-outcome>showExternalClients</from-outcome>
            <to-view-id>/externalClients.jsp</to-view-id>
        </navigation-case>
        <navigation-case>
            <from-outcome>showNonHumanResources</from-outcome>
            <to-view-id>/nonHumanMgt.jsp</to-view-id>
        </navigation-case>
        <navigation-case>
           <from-outcome>showCalendar</from-outcome>
           <to-view-id>/calendarMgt.jsp</to-view-id>
       </navigation-case>
    </navigation-rule>
    <navigation-rule>
        <from-view-id>/adminQueues.jsp</from-view-id>
        <navigation-case>
            <from-outcome>userSelect</from-outcome>
            <to-view-id>/selectUser.jsp</to-view-id>
        </navigation-case>
        <navigation-case>
            <from-outcome>showServiceMgt</from-outcome>
            <to-view-id>/customServices.jsp</to-view-id>
        </navigation-case>
        <navigation-case>
            <from-outcome>loginPage</from-outcome>
            <to-view-id>/Login.jsp</to-view-id>
        </navigation-case>
        <navigation-case>
            <from-outcome>showCaseMgt</from-outcome>
            <to-view-id>/caseMgt.jsp</to-view-id>
        </navigation-case>
        <navigation-case>
            <from-outcome>showUserQueues</from-outcome>
            <to-view-id>/userWorkQueues.jsp</to-view-id>
        </navigation-case>
        <navigation-case>
            <from-outcome>showEditUserData</from-outcome>
            <to-view-id>/participantData.jsp</to-view-id>
        </navigation-case>
        <navigation-case>
            <from-outcome>showViewProfile</from-outcome>
            <to-view-id>/viewProfile.jsp</to-view-id>
        </navigation-case>
        <navigation-case>
            <from-outcome>showEditOrgData</from-outcome>
            <to-view-id>/orgDataMgt.jsp</to-view-id>
        </navigation-case>
        <navigation-case>
            <from-outcome>showTeamQueues</from-outcome>
            <to-view-id>/teamQueues.jsp</to-view-id>
        </navigation-case>
        <navigation-case>
            <from-outcome>showExternalClients</from-outcome>
            <to-view-id>/externalClients.jsp</to-view-id>
        </navigation-case>
        <navigation-case>
            <from-outcome>showNonHumanResources</from-outcome>
            <to-view-id>/nonHumanMgt.jsp</to-view-id>
        </navigation-case>
        <navigation-case>
           <from-outcome>showCalendar</from-outcome>
           <to-view-id>/calendarMgt.jsp</to-view-id>
       </navigation-case>
        <navigation-case>
           <from-outcome>showSecondaryResources</from-outcome>
           <to-view-id>/secResourceMgt.jsp</to-view-id>
       </navigation-case>
    </navigation-rule>
    <navigation-rule>
        <from-view-id>/viewProfile.jsp</from-view-id>
        <navigation-case>
            <from-outcome>showServiceMgt</from-outcome>
            <to-view-id>/customServices.jsp</to-view-id>
        </navigation-case>
        <navigation-case>
            <from-outcome>loginPage</from-outcome>
            <to-view-id>/Login.jsp</to-view-id>
        </navigation-case>
        <navigation-case>
            <from-outcome>showCaseMgt</from-outcome>
            <to-view-id>/caseMgt.jsp</to-view-id>
        </navigation-case>
        <navigation-case>
            <from-outcome>showUserQueues</from-outcome>
            <to-view-id>/userWorkQueues.jsp</to-view-id>
        </navigation-case>
        <navigation-case>
            <from-outcome>showEditUserData</from-outcome>
            <to-view-id>/participantData.jsp</to-view-id>
        </navigation-case>
        <navigation-case>
            <from-outcome>showAdminQueues</from-outcome>
            <to-view-id>/adminQueues.jsp</to-view-id>
        </navigation-case>
        <navigation-case>
            <from-outcome>showEditOrgData</from-outcome>
            <to-view-id>/orgDataMgt.jsp</to-view-id>
        </navigation-case>
        <navigation-case>
            <from-outcome>showTeamQueues</from-outcome>
            <to-view-id>/teamQueues.jsp</to-view-id>
        </navigation-case>
        <navigation-case>
            <from-outcome>showExternalClients</from-outcome>
            <to-view-id>/externalClients.jsp</to-view-id>
        </navigation-case>
        <navigation-case>
            <from-outcome>showNonHumanResources</from-outcome>
            <to-view-id>/nonHumanMgt.jsp</to-view-id>
        </navigation-case>
        <navigation-case>
           <from-outcome>showCalendar</from-outcome>
           <to-view-id>/calendarMgt.jsp</to-view-id>
       </navigation-case>
    </navigation-rule>
    <navigation-rule>
        <from-view-id>/orgDataMgt.jsp</from-view-id>
        <navigation-case>
            <from-outcome>showServiceMgt</from-outcome>
            <to-view-id>/customServices.jsp</to-view-id>
        </navigation-case>
        <navigation-case>
            <from-outcome>loginPage</from-outcome>
            <to-view-id>/Login.jsp</to-view-id>
        </navigation-case>
        <navigation-case>
            <from-outcome>showCaseMgt</from-outcome>
            <to-view-id>/caseMgt.jsp</to-view-id>
        </navigation-case>
        <navigation-case>
            <from-outcome>showUserQueues</from-outcome>
            <to-view-id>/userWorkQueues.jsp</to-view-id>
        </navigation-case>
        <navigation-case>
            <from-outcome>showAdminQueues</from-outcome>
            <to-view-id>/adminQueues.jsp</to-view-id>
        </navigation-case>
        <navigation-case>
            <from-outcome>showViewProfile</from-outcome>
            <to-view-id>/viewProfile.jsp</to-view-id>
        </navigation-case>
        <navigation-case>
            <from-outcome>showEditUserData</from-outcome>
            <to-view-id>/participantData.jsp</to-view-id>
        </navigation-case>
        <navigation-case>
            <from-outcome>showTeamQueues</from-outcome>
            <to-view-id>/teamQueues.jsp</to-view-id>
        </navigation-case>
        <navigation-case>
            <from-outcome>showExternalClients</from-outcome>
            <to-view-id>/externalClients.jsp</to-view-id>
        </navigation-case>
        <navigation-case>
            <from-outcome>showNonHumanResources</from-outcome>
            <to-view-id>/nonHumanMgt.jsp</to-view-id>
        </navigation-case>
        <navigation-case>
           <from-outcome>showCalendar</from-outcome>
           <to-view-id>/calendarMgt.jsp</to-view-id>
       </navigation-case>
    </navigation-rule>
    <navigation-rule>
        <from-view-id>/nonHumanMgt.jsp</from-view-id>
        <navigation-case>
            <from-outcome>showServiceMgt</from-outcome>
            <to-view-id>/customServices.jsp</to-view-id>
        </navigation-case>
        <navigation-case>
            <from-outcome>loginPage</from-outcome>
            <to-view-id>/Login.jsp</to-view-id>
        </navigation-case>
        <navigation-case>
            <from-outcome>showCaseMgt</from-outcome>
            <to-view-id>/caseMgt.jsp</to-view-id>
        </navigation-case>
        <navigation-case>
            <from-outcome>showUserQueues</from-outcome>
            <to-view-id>/userWorkQueues.jsp</to-view-id>
        </navigation-case>
        <navigation-case>
            <from-outcome>showAdminQueues</from-outcome>
            <to-view-id>/adminQueues.jsp</to-view-id>
        </navigation-case>
        <navigation-case>
            <from-outcome>showViewProfile</from-outcome>
            <to-view-id>/viewProfile.jsp</to-view-id>
        </navigation-case>
        <navigation-case>
            <from-outcome>showEditUserData</from-outcome>
            <to-view-id>/participantData.jsp</to-view-id>
        </navigation-case>
        <navigation-case>
            <from-outcome>showTeamQueues</from-outcome>
            <to-view-id>/teamQueues.jsp</to-view-id>
        </navigation-case>
        <navigation-case>
            <from-outcome>showExternalClients</from-outcome>
            <to-view-id>/externalClients.jsp</to-view-id>
        </navigation-case>
        <navigation-case>
            <from-outcome>showEditOrgData</from-outcome>
            <to-view-id>/orgDataMgt.jsp</to-view-id>
        </navigation-case> 
        <navigation-case>
           <from-outcome>showCalendar</from-outcome>
           <to-view-id>/calendarMgt.jsp</to-view-id>
       </navigation-case>
    </navigation-rule>
    <navigation-rule>
        <from-view-id>/teamQueues.jsp</from-view-id>
        <navigation-case>
            <from-outcome>showServiceMgt</from-outcome>
            <to-view-id>/customServices.jsp</to-view-id>
        </navigation-case>
        <navigation-case>
            <from-outcome>loginPage</from-outcome>
            <to-view-id>/Login.jsp</to-view-id>
        </navigation-case>
        <navigation-case>
            <from-outcome>showCaseMgt</from-outcome>
            <to-view-id>/caseMgt.jsp</to-view-id>
        </navigation-case>
        <navigation-case>
            <from-outcome>showUserQueues</from-outcome>
            <to-view-id>/userWorkQueues.jsp</to-view-id>
        </navigation-case>
        <navigation-case>
            <from-outcome>showAdminQueues</from-outcome>
            <to-view-id>/adminQueues.jsp</to-view-id>
        </navigation-case>
        <navigation-case>
            <from-outcome>showViewProfile</from-outcome>
            <to-view-id>/viewProfile.jsp</to-view-id>
        </navigation-case>
        <navigation-case>
            <from-outcome>showEditUserData</from-outcome>
            <to-view-id>/participantData.jsp</to-view-id>
        </navigation-case>
        <navigation-case>
            <from-outcome>showEditOrgData</from-outcome>
            <to-view-id>/orgDataMgt.jsp</to-view-id>
        </navigation-case>
        <navigation-case>
            <from-outcome>showExternalClients</from-outcome>
            <to-view-id>/externalClients.jsp</to-view-id>
        </navigation-case>
        <navigation-case>
            <from-outcome>showNonHumanResources</from-outcome>
            <to-view-id>/nonHumanMgt.jsp</to-view-id>
        </navigation-case>
        <navigation-case>
           <from-outcome>showCalendar</from-outcome>
           <to-view-id>/calendarMgt.jsp</to-view-id>
       </navigation-case>
    </navigation-rule>
    <navigation-rule>
        <from-view-id>/externalClients.jsp</from-view-id>
        <navigation-case>
            <from-outcome>loginPage</from-outcome>
            <to-view-id>/Login.jsp</to-view-id>
        </navigation-case>
        <navigation-case>
            <from-outcome>showCaseMgt</from-outcome>
            <to-view-id>/caseMgt.jsp</to-view-id>
        </navigation-case>
        <navigation-case>
            <from-outcome>showUserQueues</from-outcome>
            <to-view-id>/userWorkQueues.jsp</to-view-id>
        </navigation-case>
        <navigation-case>
            <from-outcome>showEditUserData</from-outcome>
            <to-view-id>/participantData.jsp</to-view-id>
        </navigation-case>
        <navigation-case>
            <from-outcome>showAdminQueues</from-outcome>
            <to-view-id>/adminQueues.jsp</to-view-id>
        </navigation-case>
        <navigation-case>
            <from-outcome>showViewProfile</from-outcome>
            <to-view-id>/viewProfile.jsp</to-view-id>
        </navigation-case>
        <navigation-case>
            <from-outcome>showEditOrgData</from-outcome>
            <to-view-id>/orgDataMgt.jsp</to-view-id>
        </navigation-case>
        <navigation-case>
            <from-outcome>showTeamQueues</from-outcome>
            <to-view-id>/teamQueues.jsp</to-view-id>
        </navigation-case>
        <navigation-case>
            <from-outcome>showServiceMgt</from-outcome>
            <to-view-id>/customServices.jsp</to-view-id>
        </navigation-case>
        <navigation-case>
            <from-outcome>showNonHumanResources</from-outcome>
            <to-view-id>/nonHumanMgt.jsp</to-view-id>
        </navigation-case>
        <navigation-case>
            <from-outcome>showCalendar</from-outcome>
            <to-view-id>/calendarMgt.jsp</to-view-id>
        </navigation-case>
    </navigation-rule>
    <navigation-rule>
        <from-view-id>/calendarMgt.jsp</from-view-id>
        <navigation-case>
            <from-outcome>loginPage</from-outcome>
            <to-view-id>/Login.jsp</to-view-id>
        </navigation-case>
        <navigation-case>
            <from-outcome>showCaseMgt</from-outcome>
            <to-view-id>/caseMgt.jsp</to-view-id>
        </navigation-case>
        <navigation-case>
            <from-outcome>showUserQueues</from-outcome>
            <to-view-id>/userWorkQueues.jsp</to-view-id>
        </navigation-case>
        <navigation-case>
            <from-outcome>showEditUserData</from-outcome>
            <to-view-id>/participantData.jsp</to-view-id>
        </navigation-case>
        <navigation-case>
            <from-outcome>showAdminQueues</from-outcome>
            <to-view-id>/adminQueues.jsp</to-view-id>
        </navigation-case>
        <navigation-case>
            <from-outcome>showViewProfile</from-outcome>
            <to-view-id>/viewProfile.jsp</to-view-id>
        </navigation-case>
        <navigation-case>
            <from-outcome>showEditOrgData</from-outcome>
            <to-view-id>/orgDataMgt.jsp</to-view-id>
        </navigation-case>
        <navigation-case>
            <from-outcome>showTeamQueues</from-outcome>
            <to-view-id>/teamQueues.jsp</to-view-id>
        </navigation-case>
        <navigation-case>
            <from-outcome>showServiceMgt</from-outcome>
            <to-view-id>/customServices.jsp</to-view-id>
        </navigation-case>
        <navigation-case>
            <from-outcome>showNonHumanResources</from-outcome>
            <to-view-id>/nonHumanMgt.jsp</to-view-id>
        </navigation-case>
        <navigation-case>
            <from-outcome>showExternalClients</from-outcome>
            <to-view-id>/externalClients.jsp</to-view-id>
        </navigation-case>
    </navigation-rule>
    <navigation-rule>
        <from-view-id>/visualiser.jsp</from-view-id>
        <navigation-case>
            <from-outcome>showDefaultQueues</from-outcome>
            <to-view-id>/userWorkQueues.jsp</to-view-id>
        </navigation-case>
        <navigation-case>
            <from-outcome>showDynForm</from-outcome>
            <to-view-id>/dynForm.jsp</to-view-id>
        </navigation-case>        
    </navigation-rule>
    <navigation-rule>
        <from-view-id>/rssFormViewer.jsp</from-view-id>
        <navigation-case>
            <from-outcome>showDynForm</from-outcome>
            <to-view-id>/dynForm.jsp</to-view-id>
        </navigation-case>
    </navigation-rule>
    <navigation-rule>
        <from-view-id>/secResourceMgt.jsp</from-view-id>
        <navigation-case>
            <from-outcome>showAdminQueues</from-outcome>
            <to-view-id>/adminQueues.jsp</to-view-id>
        </navigation-case>
    </navigation-rule>

</faces-config>
