<?xml version="1.0" encoding="UTF-8"?>
<!DOCTYPE faces-config PUBLIC "-//Sun Microsystems, Inc.//DTD JavaServer Faces Config 1.1//EN"
                              "http://java.sun.com/dtd/web-facesconfig_1_1.dtd">
<faces-config>
    <managed-bean>
        <managed-bean-name>msLogin</managed-bean-name>
        <managed-bean-class>org.yawlfoundation.yawl.monitor.jsf.msLogin</managed-bean-class>
        <managed-bean-scope>request</managed-bean-scope>
    </managed-bean>
    <managed-bean>
        <managed-bean-name>ActiveCases</managed-bean-name>
        <managed-bean-class>org.yawlfoundation.yawl.monitor.jsf.ActiveCases</managed-bean-class>
        <managed-bean-scope>request</managed-bean-scope>
    </managed-bean>
    <managed-bean>
        <managed-bean-name>CaseItems</managed-bean-name>
        <managed-bean-class>org.yawlfoundation.yawl.monitor.jsf.CaseItems</managed-bean-class>
        <managed-bean-scope>request</managed-bean-scope>
    </managed-bean>
    <managed-bean>
        <managed-bean-name>ItemParams</managed-bean-name>
        <managed-bean-class>org.yawlfoundation.yawl.monitor.jsf.ItemParams</managed-bean-class>
        <managed-bean-scope>request</managed-bean-scope>
    </managed-bean>
    <managed-bean>
        <managed-bean-name>SessionBean</managed-bean-name>
        <managed-bean-class>org.yawlfoundation.yawl.monitor.jsf.SessionBean</managed-bean-class>
        <managed-bean-scope>session</managed-bean-scope>
    </managed-bean>
    <managed-bean>
        <managed-bean-name>ApplicationBean</managed-bean-name>
        <managed-bean-class>org.yawlfoundation.yawl.monitor.jsf.ApplicationBean</managed-bean-class>
        <managed-bean-scope>application</managed-bean-scope>
    </managed-bean>
</faces-config>
