<?xml version="1.0" encoding="UTF-8"?>
<!DOCTYPE faces-config PUBLIC "-//Sun Microsystems, Inc.//DTD JavaServer Faces Config 1.1//EN"
                              "http://java.sun.com/dtd/web-facesconfig_1_1.dtd">
<faces-config>
    <navigation-rule>
        <from-view-id>/msLogin.jsp</from-view-id>
        <navigation-case>
            <from-outcome>showCases</from-outcome>
            <to-view-id>/ActiveCases.jsp</to-view-id>
        </navigation-case>
    </navigation-rule>
    <navigation-rule>
        <from-view-id>/ActiveCases.jsp</from-view-id>
        <navigation-case>
            <from-outcome>showWorkItems</from-outcome>
            <to-view-id>/CaseItems.jsp</to-view-id>
        </navigation-case>
        <navigation-case>
            <from-outcome>loginPage</from-outcome>
            <to-view-id>/msLogin.jsp</to-view-id>
        </navigation-case>
    </navigation-rule>
    <navigation-rule>
        <from-view-id>/CaseItems.jsp</from-view-id>
        <navigation-case>
            <from-outcome>showParameters</from-outcome>
            <to-view-id>/ItemParams.jsp</to-view-id>
        </navigation-case>
        <navigation-case>
            <from-outcome>showCases</from-outcome>
            <to-view-id>/ActiveCases.jsp</to-view-id>
        </navigation-case>
        <navigation-case>
            <from-outcome>loginPage</from-outcome>
            <to-view-id>/msLogin.jsp</to-view-id>
        </navigation-case>
    </navigation-rule>
    <navigation-rule>
        <from-view-id>/ItemParams.jsp</from-view-id>
        <navigation-case>
            <from-outcome>showWorkItems</from-outcome>
            <to-view-id>/CaseItems.jsp</to-view-id>
        </navigation-case>
        <navigation-case>
            <from-outcome>loginPage</from-outcome>
            <to-view-id>/msLogin.jsp</to-view-id>
        </navigation-case>
    </navigation-rule>
</faces-config>
