<?xml version="1.0" encoding="UTF-8"?>
<!-- This file is used for auto-updating. PLEASE DO NOT MODIFY OR DELETE -->
<checksums>
  <version>4.2</version>
  <timestamp>2019-03-20 16.59.49</timestamp>
  <lib hash="c9559ac27e981327449b90abc66f1848">
    <file name="log4j-1.2-api-2.3.jar" md5="97f562c4f299dc5f5f72e66ded465416" size="36875" timestamp="2015-05-11T07:19:00" path="A"/>
    <file name="mail.jar" md5="ba58e757512f63775522d8e96f7a8e54" size="305434" timestamp="2015-08-12T13:39:28" path="A"/>
    <file name="log4j-core-2.3.jar" md5="110ab3e3e4f3780921e8ee5dde3373ad" size="827024" timestamp="2015-05-11T07:16:46" path="A"/>
    <file name="json.jar" md5="66341753d595567be62f37135f6cd6ae" size="52032" timestamp="2015-08-12T13:39:28" path="A"/>
    <file name="axis-1.1RC2.jar" md5="d1a15dfa6c601013a79b22a4e5e05a65" size="1224774" timestamp="2015-08-12T13:39:27" path="A"/>
    <file name="jsf-api.jar" md5="ec582af90ad65fceba3a57b66e4f7f72" size="358115" timestamp="2015-08-12T13:39:28" path="A"/>
    <file name="webui.jar" md5="3a7164094815ac3d22d4de5716989229" size="4070046" timestamp="2015-08-12T13:39:29" path="A"/>
    <file name="standard.jar" md5="65351d0487ad57edda9171bb3b46b98c" size="393259" timestamp="2015-08-12T13:39:29" path="A"/>
    <file name="concurrent-1.3.4.jar" md5="f29b9d930d3426ebc56919eba10fbd4d" size="189284" timestamp="2015-08-12T13:39:27" path="A"/>
    <file name="mchange-commons-java-0.2.3.4.jar" md5="cc99f685b11309071e1e94fd758c372b" size="581295" timestamp="2014-05-01T13:50:50" path="A"/>
    <file name="xdb.jar" md5="fd036c0e7dd606c2582af783c2f61d8e" size="224750" timestamp="2015-08-12T13:39:29" path="A"/>
    <file name="jaxb-impl.jar" md5="f97631ad1a29f726b5f81a670ecaed4a" size="787619" timestamp="2015-08-12T13:39:28" path="A"/>
    <file name="saxon9-dom.jar" md5="43b292289250700524ddd21d82e23f79" size="126167" timestamp="2015-08-12T13:39:29" path="A"/>
    <file name="saxon9-s9api.jar" md5="a6547f2d9f839978cf4c9c92ed01cf9f" size="127765" timestamp="2015-08-12T13:39:29" path="A"/>
    <file name="saxon9.jar" md5="cfb820253feef53ab606601b6435870c" size="5024396" timestamp="2015-08-12T13:39:29" path="A"/>
    <file name="commons-logging-1.1.1.jar" md5="e2c390fe739b2550a218262b28f290ce" size="60841" timestamp="2015-08-12T13:39:27" path="A"/>
    <file name="bcprov-jdk15-139.jar" md5="8d3c68ef47e8b73a77b7db1b5bfcc784" size="1598015" timestamp="2015-08-12T13:39:27" path="A"/>
    <file name="wsdl4j-20030807.jar" md5="74cf0d930a3fe733e092ce6ca71ebf64" size="114412" timestamp="2015-08-12T13:39:29" path="A"/>
    <file name="defaulttheme-gray.jar" md5="6848fbf8499d1183c4ad7cec76c40baa" size="186341" timestamp="2015-08-12T13:39:27" path="A"/>
    <file name="junit-4.10.jar" md5="972c3b8fb2cc26008cbceb01ff889ec4" size="253160" timestamp="2015-08-12T13:39:28" path="A"/>
    <file name="appbase.jar" md5="d82763edc5bae004fba39d9cdb5a8ceb" size="51348" timestamp="2015-08-12T13:39:26" path="A"/>
    <file name="log4j-slf4j-impl-2.3.jar" md5="c5507f66db2c18b090b4ae2e8338244b" size="22544" timestamp="2015-05-11T07:19:12" path="A"/>
    <file name="jboss-logging-annotations-1.2.0.Beta1.jar" md5="938e552e319015a8863dd91284aada54" size="11558" timestamp="2014-05-01T13:50:22" path="A"/>
    <file name="hibernate-core-4.3.11.Final.jar" md5="d7bbfd718762e0d44db74c9b0c2bd3d1" size="5283651" timestamp="2015-08-05T20:54:48" path="A"/>
    <file name="jboss-logging-3.3.0.Final.jar" md5="bc11af4b8ce7138cdc79b7ba8561638c" size="66802" timestamp="2015-08-22T13:05:55" path="A"/>
    <file name="ehcache.xml" md5="2e594cc46c0620bf73600a6a484ca047" size="4695" timestamp="2015-08-12T13:39:27" path="A"/>
    <file name="activation.jar" md5="c264c7a20fe37c9dc702ab8b0cf54f58" size="56290" timestamp="2015-08-12T13:39:26" path="A"/>
    <file name="xalan.jar" md5="9ab3c7fd1c084561ffaf57af34c9f250" size="3149484" timestamp="2015-08-12T13:39:29" path="A"/>
    <file name="dataprovider.jar" md5="3c0f74c8833b7fc830b10a2eb7a164d2" size="101495" timestamp="2015-08-12T13:39:27" path="A"/>
    <file name="jung-algorithms-2.0.jar" md5="c466f6e6bcc9f955dbfa330b39e3f320" size="234967" timestamp="2015-08-12T13:39:28" path="A"/>
    <file name="ojdbc6_9.jar" md5="6cd651cf8fc1cd203aa0b334cb69fbea" size="1977267" timestamp="2015-08-12T13:39:28" path="A"/>
    <file name="cos.jar" md5="a0e00d3b6d24e6085bceea5384881903" size="48585" timestamp="2015-08-12T13:39:27" path="A"/>
    <file name="h2-1.3.176.jar" md5="304609b25384cd7cc216119f83168f3a" size="1659880" timestamp="2015-08-12T13:39:27" path="A"/>
    <file name="bcmail-jdk15-139.jar" md5="35a071f31b508e585edfcfb18108e677" size="204481" timestamp="2015-08-12T13:39:27" path="A"/>
    <file name="jaxb-api.jar" md5="b0eeab50371074380eebcb9df30a15c2" size="73081" timestamp="2015-08-12T13:39:28" path="A"/>
    <file name="commons-dbcp-1.3.jar" md5="1b8de6f094e072c092b4ef1b332fdbf0" size="148817" timestamp="2015-08-12T13:39:27" path="A"/>
    <file name="commons-discovery.jar" md5="fc7f9780f60967be74016d884a9288a7" size="67334" timestamp="2015-08-12T13:39:27" path="A"/>
    <file name="jung-jai-2.0.jar" md5="8cbb045a20b3b3ac3f8fdba5a7244b6e" size="20368" timestamp="2015-08-12T13:39:28" path="A"/>
    <file name="hsqldb.jar" md5="7df83e09e41d742cc5fb20d16b80729c" size="706710" timestamp="2015-08-12T13:39:28" path="A"/>
    <file name="mailapi.jar" md5="de6e488d20b54572fe6118e19e732f78" size="231990" timestamp="2015-08-12T13:39:28" path="A"/>
    <file name="commons-digester.jar" md5="19b0cbb3d0b6e4c139c5f1d3ef4ea0ba" size="109131" timestamp="2015-08-12T13:39:27" path="A"/>
    <file name="javassist-3.18.1-GA.jar" md5="5bb83868c87334320562af7eded65cc2" size="714194" timestamp="2014-05-01T13:49:24" path="A"/>
    <file name="sqlx.jar" md5="dd71aa725c6dd15cfa5cf1bad9df4c17" size="200136" timestamp="2015-08-12T13:39:29" path="A"/>
    <file name="commons-beanutils.jar" md5="234de37bad21c1265d101916dbdc8b75" size="118757" timestamp="2015-08-12T13:39:27" path="A"/>
    <file name="derbyclient.jar" md5="af067262efabe97f23a0f953f389869f" size="525631" timestamp="2015-08-12T13:39:27" path="A"/>
    <file name="jung-graph-impl-2.0.jar" md5="d559927a17be63a8caae9c3458962b58" size="62436" timestamp="2015-08-12T13:39:28" path="A"/>
    <file name="jung-io-2.0.jar" md5="49245019a1a6896844dd88f22ad3e15d" size="79306" timestamp="2015-08-12T13:39:28" path="A"/>
    <file name="commons-codec-1.9.jar" md5="75615356605c8128013da9e3ac62a249" size="263965" timestamp="2015-08-12T13:39:27" path="A"/>
    <file name="hibernate-jpa-2.1-api-1.0.0.Final.jar" md5="01b091825023c97fdfd6d2bceebe03ff" size="113371" timestamp="2014-05-01T13:50:22" path="A"/>
    <file name="jsr173_1.0_api.jar" md5="2f2b2a2065808b2c8c44888ba14306f5" size="46047" timestamp="2015-08-12T13:39:28" path="A"/>
    <file name="jaxb-xjc.jar" md5="108abd6d0fbff92780166dbea046ec26" size="2989016" timestamp="2015-08-12T13:39:28" path="A"/>
    <file name="wsif.jar" md5="b9b4e33c405817909955ac07d58577e1" size="394879" timestamp="2015-08-12T13:39:29" path="A"/>
    <file name="apache_soap-2_3_1.jar" md5="aa1845e01fee94fe4a63bbcaa55ad486" size="232498" timestamp="2015-08-12T13:39:26" path="A"/>
    <file name="colt-1.2.0.jar" md5="f6be558e44de25df08b9f515b2a7ffee" size="581945" timestamp="2015-08-12T13:39:27" path="A"/>
    <file name="jung-samples-2.0.jar" md5="2be0be1c56239a39d166f31bdf9a9180" size="811605" timestamp="2015-08-12T13:39:28" path="A"/>
    <file name="hibernate.cfg.xml" md5="33059175e663cc02bbb42574ae867fb0" size="504" timestamp="2015-08-12T13:39:28" path="A"/>
    <file name="log4j-api-2.3.jar" md5="94241ab3197b95a813d896820b3f6a87" size="135903" timestamp="2015-05-11T07:12:49" path="A"/>
    <file name="xmlunit-1.3.jar" md5="0a365ec48577d1912fa828de7e9ff899" size="96751" timestamp="2015-08-12T13:39:29" path="A"/>
    <file name="jung-api-2.0.jar" md5="1e4ce4f98a5327227ccb51443e8c6186" size="40952" timestamp="2015-08-12T13:39:28" path="A"/>
    <file name="jung-3d-demos-2.0.jar" md5="5efbde413fb4c4e99d52e0f4a7f04a20" size="2050" timestamp="2015-08-12T13:39:28" path="A"/>
    <file name="jsf-impl.jar" md5="22b35b6fc58290bd2be57f2f728d974c" size="750443" timestamp="2015-08-12T13:39:28" path="A"/>
    <file name="xercesImpl.jar" md5="da09b75b562ca9a8e9a535d2148be8e4" size="1229289" timestamp="2015-08-12T13:39:29" path="A"/>
    <file name="dom4j-1.6.1.jar" md5="4d8f51d3fe3900efc6e395be48030d6d" size="313898" timestamp="2015-08-12T13:39:27" path="A"/>
    <file name="macify-1.4.jar" md5="0e25f516b113033b2da4591161f1e117" size="11684" timestamp="2015-08-12T13:39:28" path="A"/>
    <file name="jaxen-1.1.6.jar" md5="a140517286b56eea981e188dcc3a13f6" size="231882" timestamp="2015-08-12T13:39:28" path="A"/>
    <file name="commons-collections-3.2.1.jar" md5="13bc641afd7fd95e09b260f69c1e4c91" size="575389" timestamp="2015-08-12T13:39:27" path="A"/>
    <file name="saxon9-jdom.jar" md5="ec6f0f16d513e1bf5a67a9671e46c7d6" size="36793" timestamp="2015-08-12T13:39:29" path="A"/>
    <file name="hibernate-c3p0-4.3.11.Final.jar" md5="6cde3b61b901e2cfcd6eefb47f08ba5d" size="40338" timestamp="2015-08-05T21:01:48" path="A"/>
    <file name="mysql-connector-java-5.1.22-bin.jar" md5="2c069d69928c75cd28172fd33772a1db" size="832960" timestamp="2015-08-12T13:39:28" path="A"/>
    <file name="commons-fileupload-1.2.2.jar" md5="a0ad9550a7062ddb6528d8725c8230dd" size="59590" timestamp="2015-08-12T13:39:27" path="A"/>
    <file name="commons-io-2.0.1.jar" md5="edb9481c6eee07f4feaa61502af855da" size="159509" timestamp="2015-08-12T13:39:27" path="A"/>
    <file name="servlet-api.jar" md5="8b0753b8fa779bc80c3f8db57b8b6372" size="88224" timestamp="2015-08-12T13:39:29" path="A"/>
    <file name="jboss-transaction-api_1.2_spec-1.0.0.Final.jar" md5="aa7df2440f20946a61005c533dc4915c" size="27717" timestamp="2014-05-01T13:50:22" path="A"/>
    <file name="jung-3d-2.0.jar" md5="2f03751ab568459866f054d2e03a0bc5" size="73267" timestamp="2015-08-12T13:39:28" path="A"/>
    <file name="jdom-2.0.5.jar" md5="302db3c65c38d3c10ef31bca76bd76b4" size="299658" timestamp="2015-08-12T13:39:28" path="A"/>
    <file name="uploadbean.jar" md5="cbd3eec6e0573e38d65e89fdd11b9895" size="32471" timestamp="2015-08-12T13:39:29" path="A"/>
    <file name="antlr-2.7.7.jar" md5="f8f1352c52a4c6a500b597596501fc64" size="445288" timestamp="2015-08-12T13:39:26" path="A"/>
    <file name="postgresql-9.4.1207.jre6.jar" md5="7921b86a02f88f1d206898caf677d226" size="607649" timestamp="2016-01-19T13:39:14" path="A"/>
    <file name="jaxrpc.jar" md5="36cec9bd0bc8a757d56a2b7d76c05d57" size="35658" timestamp="2015-08-12T13:39:28" path="A"/>
    <file name="jstl.jar" md5="c2ced5f8505fe9d1cae685201e9cba07" size="20682" timestamp="2015-08-12T13:39:28" path="A"/>
    <file name="jandex-1.1.0.Final.jar" md5="8c14c068df8c33632ab6658ffdda292c" size="76551" timestamp="2014-05-01T13:50:22" path="A"/>
    <file name="jung-api-2.0-tests.jar" md5="09b8c6e78cf6def73d9c9795eae0c0b0" size="28470" timestamp="2015-08-12T13:39:28" path="A"/>
    <file name="errorhandler.jar" md5="7b0490c2158669d4ad70432418150b7e" size="29543" timestamp="2015-08-12T13:39:27" path="A"/>
    <file name="ecore.jar" md5="67f985f03eca639fdea2ff2a3f537777" size="692868" timestamp="2015-08-12T13:39:27" path="A"/>
    <file name="commons-lang-2.3.jar" md5="dcdcbb47176603907c9f79a1349193eb" size="245274" timestamp="2015-08-12T13:39:27" path="A"/>
    <file name="slf4j-api-1.7.12.jar" md5="5de95ad1ae22d0b4c1dfea1101826a6e" size="32127" timestamp="2015-03-26T21:55:20" path="A"/>
    <file name="twitter4j-core-2.1.8.jar" md5="d2f16345df898a0be8ab8dd4290108f3" size="450442" timestamp="2015-08-12T13:39:29" path="A"/>
    <file name="common.jar" md5="b39420f2b597357f143181c67e141c5a" size="119342" timestamp="2015-08-12T13:39:27" path="A"/>
    <file name="collections-generic-4.01.jar" md5="4102d1e52ef23f97ba20821642d1df18" size="531557" timestamp="2015-08-12T13:39:27" path="A"/>
    <file name="ehcache-core-2.4.3.jar" md5="9d4b1464a2fcbc16ae46740669a0dab8" size="1006424" timestamp="2015-08-12T13:39:27" path="A"/>
    <file name="orderfulfillment.jar" md5="130d9c9b78c4332d202f9b3751a4a655" size="161555" timestamp="2015-08-12T13:39:28" path="A"/>
    <file name="commons-pool-1.5.4.jar" md5="80e9d1cbd70542f4f293793d109679a9" size="96221" timestamp="2015-08-12T13:39:27" path="A"/>
    <file name="jaxb1-impl.jar" md5="f5c861d88691c8b89be20772fe94693e" size="980576" timestamp="2015-08-12T13:39:28" path="A"/>
    <file name="ucp.jar" md5="d3641d9524d625ee46b0558b3fd53617" size="420234" timestamp="2015-08-12T13:39:29" path="A"/>
    <file name="jung-jai-samples-2.0.jar" md5="0401252ab703ba7c44b07244cacb03f8" size="2067" timestamp="2015-08-12T13:39:28" path="A"/>
    <file name="c3p0-0.9.2.1.jar" md5="35085ff8cfaf6576d118ad4492236ae6" size="423876" timestamp="2014-05-01T13:50:50" path="A"/>
    <file name="simple-java-mail-4.4.5.jar" md5="d7d07d8f3e0e83855b35b1646e785f4a" size="189587" timestamp="2018-02-22T17:01:33" path="A"/>
    <file name="saaj.jar" md5="84e8f72a75171a6b4b0d0639f3726b65" size="18402" timestamp="2015-08-12T13:39:29" path="A"/>
    <file name="jung-visualization-2.0.jar" md5="abf99e893cdcd9cd4916d72c599faf58" size="322128" timestamp="2015-08-12T13:39:28" path="A"/>
    <file name="hibernate-ehcache-4.3.11.Final.jar" md5="1d4e3392670df753792e8c83d5b495bd" size="135728" timestamp="2015-08-05T21:02:06" path="A"/>
    <file name="hibernate-commons-annotations-4.0.5.Final.jar" md5="5dadbafd7c7bc1168c10a2ba87e927a2" size="75324" timestamp="2014-07-15T10:31:50" path="A"/>
    <file name="smtp.jar" md5="b1cec71db488a8908d7047703eea181b" size="42515" timestamp="2015-08-12T13:39:29" path="A"/>
    <file name="xmlparserv2.jar" md5="47fae4098bcf5ee8ded9f70944d583dd" size="1420339" timestamp="2015-08-12T13:39:29" path="A"/>
    <file name="rowset.jar" md5="cc0116ac1c0e30c5fd91cc73e99c3d05" size="126268" timestamp="2015-08-12T13:39:28" path="A"/>
    <file name="jsfcl.jar" md5="932b7ed3f14753ded0bfac4b489aed8a" size="183696" timestamp="2015-08-12T13:39:28" path="A"/>
  </lib>
  <webapps>
    <yawl>
      <build>1532</build>
      <files>
        <file name="WEB-INF/classes/version.properties" md5="da5a20342d2d1a97d256df9003efa9bc" size="186" timestamp="2018-10-18T09:39:30" path="B"/>
        <file name="WEB-INF/classes/defaultClients.properties" md5="4a7a1e002df95e9ca062ee83c9e3fad8" size="1215" timestamp="2018-10-18T09:39:30" path="C"/>
        <file name="WEB-INF/web.xml" md5="ae0b6cad2997b06cb4e79d58797241bf" size="11797" timestamp="2018-10-18T09:39:30" path="B"/>
      </files>
      <lib>
        <file name="antlr-2.7.7.jar"/>
        <file name="commons-collections-3.2.1.jar"/>
        <file name="dom4j-1.6.1.jar"/>
        <file name="ehcache-core-2.4.3.jar"/>
        <file name="hibernate-c3p0-4.3.11.Final.jar"/>
        <file name="hibernate-core-4.3.11.Final.jar"/>
        <file name="hibernate-commons-annotations-4.0.5.Final.jar"/>
        <file name="hibernate-ehcache-4.3.11.Final.jar"/>
        <file name="hibernate-jpa-2.1-api-1.0.0.Final.jar"/>
        <file name="hibernate.cfg.xml"/>
        <file name="javassist-3.18.1-GA.jar"/>
        <file name="jboss-logging-3.3.0.Final.jar"/>
        <file name="jboss-transaction-api_1.2_spec-1.0.0.Final.jar"/>
        <file name="c3p0-0.9.2.1.jar"/>
        <file name="slf4j-api-1.7.12.jar"/>
        <file name="mchange-commons-java-0.2.3.4.jar"/>
        <file name="jandex-1.1.0.Final.jar"/>
        <file name="common.jar"/>
        <file name="ecore.jar"/>
        <file name="jdom-2.0.5.jar"/>
        <file name="log4j-api-2.3.jar"/>
        <file name="log4j-core-2.3.jar"/>
        <file name="log4j-1.2-api-2.3.jar"/>
        <file name="log4j-slf4j-impl-2.3.jar"/>
        <file name="xercesImpl.jar"/>
        <file name="postgresql-9.4.1207.jre6.jar"/>
        <file name="saxon9.jar"/>
        <file name="saxon9-dom.jar"/>
        <file name="saxon9-s9api.jar"/>
        <file name="saxon9-jdom.jar"/>
        <file name="commons-lang-2.3.jar"/>
        <file name="commons-codec-1.9.jar"/>
        <file name="jaxen-1.1.6.jar"/>
      </lib>
    </yawl>
    <yawlSMSInvoker>
      <build>179</build>
      <files>
        <file name="smsomp.jpg" md5="fcbe30a93c5b705c21ae44b17105dbdd" size="3212" timestamp="2017-11-29T13:02:08" path="E"/>
        <file name="footer.jsp" md5="7eaee2939a4e03e272545fcf1ccb4a32" size="2574" timestamp="2017-11-29T13:02:08" path="E"/>
        <file name="_WelcomeToSMSModule.jsp" md5="619117aeec2b906b183d1463cce647a8" size="4213" timestamp="2017-11-29T13:02:08" path="E"/>
        <file name="WEB-INF/web.xml" md5="7d3307e46a05e6b9e80ec47d6877acc8" size="9577" timestamp="2017-11-29T13:02:08" path="D"/>
        <file name="banner.jsp" md5="e9b892d1451040d558b9de12ea34b4d3" size="2227" timestamp="2017-11-29T13:02:08" path="E"/>
        <file name="graphics/Thumbs.db" md5="a96ddf767850cf59bf3a389aab258172" size="27648" timestamp="2017-11-29T13:02:08" path="G"/>
        <file name="graphics/iconJar.jpg" md5="a9bcfde4c513697284988085cec17246" size="845" timestamp="2017-11-29T13:02:08" path="G"/>
        <file name="graphics/yawlbg.jpg" md5="12e7b5fa796a23ff1cba4f235fdea360" size="610" timestamp="2017-11-29T13:02:08" path="G"/>
        <file name="graphics/yawlbg2.jpg" md5="3216a52aa821984d1a46fa6cd7128860" size="332" timestamp="2017-11-29T13:02:08" path="G"/>
        <file name="graphics/yawl.jpg" md5="79583f899e96defdf36c4b4203518c56" size="45177" timestamp="2017-11-29T13:02:08" path="G"/>
        <file name="graphics/subtext.jpg" md5="af8aae0c419d1945a35ec47b4b95692f" size="1179" timestamp="2017-11-29T13:02:08" path="G"/>
        <file name="graphics/common.css" md5="cebb397e37f82800b8d96672e1534c55" size="2782" timestamp="2017-11-29T13:02:08" path="G"/>
        <file name="graphics/xml_icon.gif" md5="361ee87b03648358439dd7e3d61b0808" size="568" timestamp="2017-11-29T13:02:08" path="G"/>
        <file name="graphics/exmpl3.jpg" md5="6f890477c35f908f019d40fe316c4006" size="118597" timestamp="2017-11-29T13:02:08" path="G"/>
        <file name="graphics/yawl.swf" md5="3849953b829c6032dc645cf5b01188e3" size="8660" timestamp="2017-11-29T13:02:08" path="G"/>
        <file name="graphics/exmpl2.jpg" md5="2ee7e6353225be1d706a6a76f5ea9be6" size="121534" timestamp="2017-11-29T13:02:08" path="G"/>
        <file name="graphics/exmpl1.jpg" md5="70531793d2fb495793c21eeb7121ab97" size="98017" timestamp="2017-11-29T13:02:08" path="G"/>
      </files>
      <lib>
        <file name="jdom-2.0.5.jar"/>
        <file name="log4j-api-2.3.jar"/>
        <file name="log4j-core-2.3.jar"/>
        <file name="log4j-1.2-api-2.3.jar"/>
        <file name="log4j-slf4j-impl-2.3.jar"/>
        <file name="commons-codec-1.9.jar"/>
        <file name="xercesImpl.jar"/>
      </lib>
    </yawlSMSInvoker>
    <yawlWSInvoker>
      <build>284</build>
      <files>
        <file name="WEB-INF/web.xml" md5="5215120d615ab5942e0b8837b89b250d" size="8372" timestamp="2017-11-29T13:02:09" path="F"/>
      </files>
      <lib>
        <file name="wsif.jar"/>
        <file name="axis-1.1RC2.jar"/>
        <file name="commons-discovery.jar"/>
        <file name="commons-logging-1.1.1.jar"/>
        <file name="activation.jar"/>
        <file name="jaxrpc.jar"/>
        <file name="saaj.jar"/>
        <file name="wsdl4j-20030807.jar"/>
        <file name="apache_soap-2_3_1.jar"/>
        <file name="jdom-2.0.5.jar"/>
        <file name="log4j-api-2.3.jar"/>
        <file name="log4j-core-2.3.jar"/>
        <file name="log4j-1.2-api-2.3.jar"/>
        <file name="log4j-slf4j-impl-2.3.jar"/>
        <file name="xercesImpl.jar"/>
        <file name="commons-codec-1.9.jar"/>
        <file name="commons-lang-2.3.jar"/>
      </lib>
    </yawlWSInvoker>
    <workletService>
      <build>2001</build>
      <files>
        <file name="samples/worklets/BobZero.yawl" md5="bb66f39b368e82dd4f9e452028a38e04" size="4502" timestamp="2017-11-29T13:02:10" path="J"/>
        <file name="samples/worklets/ChangeToMidVenue.yawl" md5="e299be6b8607c30a422d0c4dc04afe66" size="12086" timestamp="2017-11-29T13:02:10" path="J"/>
        <file name="samples/worklets/TreatFever.yawl" md5="2614bdf83356ae79f84db319ce0af0d3" size="11238" timestamp="2017-11-29T13:02:10" path="J"/>
        <file name="samples/worklets/BobThree.yawl" md5="be182f6dd2b5c9d274140bf421f82b0d" size="4587" timestamp="2017-11-29T13:02:10" path="J"/>
        <file name="samples/worklets/ChangeToSmallVenue.yawl" md5="a9373c40fadc20bc59b094119f7bd457" size="12132" timestamp="2017-11-29T13:02:10" path="J"/>
        <file name="samples/worklets/TreatFracture.yawl" md5="45093fecc6fedba420df61614902759f" size="11362" timestamp="2017-11-29T13:02:10" path="J"/>
        <file name="samples/worklets/BobOne.yawl" md5="8a4b8abdc60f22b60d32479db0355d7b" size="4554" timestamp="2017-11-29T13:02:10" path="J"/>
        <file name="samples/worklets/TreatHighBP.yawl" md5="176c160a38da9656a288ec6e1a13dbd0" size="11217" timestamp="2017-11-29T13:02:10" path="J"/>
        <file name="samples/worklets/BobFive.yawl" md5="f75e389b54ae68576dc3e5ee7df39741" size="4570" timestamp="2017-11-29T13:02:10" path="J"/>
        <file name="samples/worklets/TreatWound.yawl" md5="287ff3c7e96dda9d8eb2ed60fcb4dd10" size="11238" timestamp="2017-11-29T13:02:10" path="J"/>
        <file name="samples/worklets/TreatHighHeartRate.yawl" md5="0d133630031779444d4dbe8d0a2b95f0" size="11332" timestamp="2017-11-29T13:02:10" path="J"/>
        <file name="samples/worklets/TreatObesity.yawl" md5="6118a734b661af73bb45d226e5765bb8" size="11286" timestamp="2017-11-29T13:02:10" path="J"/>
        <file name="samples/worklets/OrganiseRefreshments.yawl" md5="8a34665fc3785a9bc0891126cba38093" size="9439" timestamp="2017-11-29T13:02:10" path="J"/>
        <file name="samples/worklets/CancelOrder.yawl" md5="0744ef583f602a76a8398870e809add4" size="7020" timestamp="2017-11-29T13:02:10" path="J"/>
        <file name="samples/worklets/TreatAbPain.yawl" md5="2881724db098d65862ea46861c2f0dda" size="11300" timestamp="2017-11-29T13:02:10" path="J"/>
        <file name="samples/worklets/TreatHighBMI.yawl" md5="d41fd817bfde0a03b34a6816170a8fc1" size="11122" timestamp="2017-11-29T13:02:10" path="J"/>
        <file name="samples/worklets/BobTwo.yawl" md5="311ee226a012888b9de7824fa00541ec" size="4554" timestamp="2017-11-29T13:02:10" path="J"/>
        <file name="samples/worklets/SendReminder.yawl" md5="dae1054dca5a21213c3ac3305dd1ae20" size="13698" timestamp="2017-11-29T13:02:10" path="J"/>
        <file name="samples/worklets/rules/wListMaker.xrs" md5="cf2e135652a3575f09dc53acf4b35dc6" size="3991" timestamp="2017-11-29T13:02:10" path="JR"/>
        <file name="samples/worklets/rules/OrganiseConcert.xrs" md5="d019e75b8f86de35849d819bf86b46ef" size="10950" timestamp="2017-11-29T13:02:10" path="JR"/>
        <file name="samples/worklets/rules/SendReminder.xrs" md5="04d6133bdea65d7d16311fe8c9dc7468" size="1629" timestamp="2017-11-29T13:02:10" path="JR"/>
        <file name="samples/worklets/rules/Casualty_Treatment.xrs" md5="18270d1335c0c73ae21afe559125f822" size="8620" timestamp="2017-11-29T13:02:10" path="JR"/>
        <file name="samples/worklets/rules/Sales.xrs" md5="7bb5c5599d684a045c79ad3f56ef9075" size="1322" timestamp="2017-11-29T13:02:10" path="JR"/>
        <file name="samples/worklets/TreatRash.yawl" md5="02183f9bab598e30ef372691273668b1" size="11197" timestamp="2017-11-29T13:02:10" path="J"/>
        <file name="samples/worklets/BobFour.yawl" md5="349c16811346f8eab4497519a61b2208" size="4571" timestamp="2017-11-29T13:02:10" path="J"/>
        <file name="samples/worklets/CancelShow.yawl" md5="287ac4d0d443ef20fdf6fed4ce490cd5" size="7282" timestamp="2017-11-29T13:02:10" path="J"/>
        <file name="samples/worklets/ChangeToLargerVenue.yawl" md5="94c569877e22c72379546f24837339b0" size="12133" timestamp="2017-11-29T13:02:10" path="J"/>
        <file name="samples/parents/Casualty_Treatment.yawl" md5="e47b01475926af850d392498cd8ad120" size="30233" timestamp="2017-11-29T13:02:10" path="JP"/>
        <file name="samples/parents/Sales.yawl" md5="e544e3c639389682f14de563c2ff0003" size="12936" timestamp="2017-11-29T13:02:10" path="JP"/>
        <file name="samples/parents/OrganiseConcert.yawl" md5="0cddbbe21803345b2a1b827d91a50c36" size="11591" timestamp="2017-11-29T13:02:10" path="JP"/>
        <file name="samples/parents/wListMaker.yawl" md5="eb35f3fca8aa6be855a59d0255ef25fc" size="11319" timestamp="2017-11-29T13:02:10" path="JP"/>
        <file name="welcome.htm" md5="77a25f2065950185b3982a9776147fa2" size="6053" timestamp="2017-11-29T13:02:10" path="L"/>
        <file name="WEB-INF/classes/version.properties" md5="591bdee009ffbce0c215e04faf36e126" size="188" timestamp="2017-11-29T13:02:10" path="K"/>
        <file name="WEB-INF/web.xml" md5="c2bbe871731b83e4fc1dca5761d4c6fd" size="11031" timestamp="2017-11-29T13:02:10" path="K"/>
        <file name="graphics/Thumbs.db" md5="eb936b9acc99b18871e86d669ddad40a" size="16384" timestamp="2017-11-29T13:02:10" path="H"/>
        <file name="graphics/headbgleft.jpg" md5="1981fe8931f14b46f2007e59df2967fb" size="338" timestamp="2017-11-29T13:02:10" path="H"/>
        <file name="graphics/favicon.ico" md5="94df510924ade865c9e7e4519dbc25bf" size="3638" timestamp="2017-11-29T13:02:10" path="H"/>
        <file name="graphics/logosmall.jpg" md5="1fed0d45c237c3d5ec2e71693201388b" size="9175" timestamp="2017-11-29T13:02:10" path="H"/>
        <file name="graphics/headbgright.jpg" md5="1b56bdc30d63195bba57a4770c950bad" size="686" timestamp="2017-11-29T13:02:10" path="H"/>
        <file name="graphics/bg01.gif" md5="45268fa75e5992b96983eed8f9ae9abc" size="82" timestamp="2017-11-29T13:02:10" path="H"/>
        <file name="graphics/logobig.jpg" md5="8e2e8fe313e7af29c44fa84551297815" size="11662" timestamp="2017-11-29T13:02:10" path="H"/>
        <file name="graphics/subtext.jpg" md5="af8aae0c419d1945a35ec47b4b95692f" size="1179" timestamp="2017-11-29T13:02:10" path="G"/>
        <file name="graphics/common.css" md5="cebb397e37f82800b8d96672e1534c55" size="2782" timestamp="2017-11-29T13:02:10" path="G"/>
        <file name="graphics/wsText.jpg" md5="aaf9275d974ea1b4a30d12dae5e87c03" size="1274" timestamp="2017-11-29T13:02:10" path="H"/>
        <file name="graphics/yawl.swf" md5="3849953b829c6032dc645cf5b01188e3" size="8660" timestamp="2017-11-29T13:02:10" path="G"/>
        <file name="graphics/newYAWL.jpg" md5="6d9ba3baad162c9b5875c1e572355989" size="12796" timestamp="2017-11-29T13:02:10" path="H"/>
        <file name="jsp/wsItemException.jsp" md5="968f2c7149d07874c6cb994fcb5c3b50" size="5474" timestamp="2017-11-29T13:02:10" path="I"/>
        <file name="jsp/wsRejectWorklet.jsp" md5="875a60186f047ed0cdf09c2661aa9fa3" size="4219" timestamp="2017-11-29T13:02:10" path="I"/>
        <file name="jsp/wsNewItemException.jsp" md5="e6b8870a32e4fd6c711ec4f1a43db290" size="4921" timestamp="2017-11-29T13:02:10" path="I"/>
        <file name="jsp/wsAdminTaskDetail.jsp" md5="78ed12fa3a7b709cb95fe45a37843c3a" size="3071" timestamp="2017-11-29T13:02:10" path="I"/>
        <file name="jsp/wsHead.jsp" md5="6b3fadf0cc658df14442f55d21d8ac62" size="4240" timestamp="2017-11-29T13:02:10" path="I"/>
        <file name="jsp/wsBanner.jsp" md5="78fb0328c373936f268f3189981329f6" size="2654" timestamp="2017-11-29T13:02:10" path="I"/>
        <file name="jsp/wsAdminTasks.jsp" md5="633458e25fd523dd8fb1b1509d3e93fd" size="5189" timestamp="2017-11-29T13:02:10" path="I"/>
        <file name="jsp/wsCaseException.jsp" md5="9c74284d3ba993966ba8b19471d6a3ab" size="4778" timestamp="2017-11-29T13:02:10" path="I"/>
        <file name="jsp/wsNewCaseException.jsp" md5="b1254186d21eeebffa6813b81a8ee705" size="4359" timestamp="2017-11-29T13:02:10" path="I"/>
        <file name="jsp/wsFooter.jsp" md5="aae3f2190d4bffb8a508f986ed4adc24" size="981" timestamp="2017-11-29T13:02:10" path="I"/>
      </files>
      <lib>
        <file name="antlr-2.7.7.jar"/>
        <file name="commons-collections-3.2.1.jar"/>
        <file name="dom4j-1.6.1.jar"/>
        <file name="ehcache-core-2.4.3.jar"/>
        <file name="hibernate-c3p0-4.3.11.Final.jar"/>
        <file name="hibernate-core-4.3.11.Final.jar"/>
        <file name="hibernate-commons-annotations-4.0.5.Final.jar"/>
        <file name="hibernate-ehcache-4.3.11.Final.jar"/>
        <file name="hibernate-jpa-2.1-api-1.0.0.Final.jar"/>
        <file name="hibernate.cfg.xml"/>
        <file name="javassist-3.18.1-GA.jar"/>
        <file name="jboss-logging-3.3.0.Final.jar"/>
        <file name="jboss-transaction-api_1.2_spec-1.0.0.Final.jar"/>
        <file name="c3p0-0.9.2.1.jar"/>
        <file name="slf4j-api-1.7.12.jar"/>
        <file name="mchange-commons-java-0.2.3.4.jar"/>
        <file name="jandex-1.1.0.Final.jar"/>
        <file name="common.jar"/>
        <file name="ecore.jar"/>
        <file name="jdom-2.0.5.jar"/>
        <file name="log4j-api-2.3.jar"/>
        <file name="log4j-core-2.3.jar"/>
        <file name="log4j-1.2-api-2.3.jar"/>
        <file name="log4j-slf4j-impl-2.3.jar"/>
        <file name="postgresql-9.4.1207.jre6.jar"/>
        <file name="saxon9.jar"/>
        <file name="saxon9-dom.jar"/>
        <file name="saxon9-s9api.jar"/>
        <file name="saxon9-jdom.jar"/>
        <file name="commons-lang-2.3.jar"/>
        <file name="xercesImpl.jar"/>
        <file name="commons-codec-1.9.jar"/>
      </lib>
    </workletService>
    <resourceService>
      <build>4030</build>
      <files>
        <file name="error404.html" md5="782732510f88e5df725eb7cac7591f1a" size="2473" timestamp="2018-09-12T15:53:58" path="M"/>
        <file name="userWorkQueues.jsp" md5="8c9a3f5accec4adb70cc0c850561abf9" size="14524" timestamp="2018-09-12T15:53:58" path="M"/>
        <file name="calendarMgt.jsp" md5="7ccf42356061a27e851bfb353fe3e807" size="18868" timestamp="2018-09-12T15:53:58" path="M"/>
        <file name="pfQueueUI.jspf" md5="88d967f687fc2f59c6ff9dbb8e2c79c8" size="6154" timestamp="2018-09-12T15:53:58" path="M"/>
        <file name="nonHumanMgt.jsp" md5="f2c8eb62d7032b30b9fe784a279b8d1a" size="5320" timestamp="2018-09-12T15:53:58" path="M"/>
        <file name="pfMenubar.jspf" md5="e14d0cf3cbf3ce5df745a52dc298d1b6" size="1256" timestamp="2018-09-12T15:53:58" path="M"/>
        <file name="adminQueues.jsp" md5="9bec2a53fee16fda1b473d8c223533b4" size="11347" timestamp="2018-09-12T15:53:58" path="M"/>
        <file name="rssFormViewer.jsp" md5="08fe8e630409cb189144e5de2861aeec" size="3518" timestamp="2018-09-12T15:53:58" path="M"/>
        <file name="selectUser.jsp" md5="c128bae0aa132fe33b39ca76cb57a9e4" size="3981" timestamp="2018-09-12T15:53:58" path="M"/>
        <file name="participantData.jsp" md5="e81556ded0fa184e674fab05b189bf14" size="19218" timestamp="2018-09-12T15:53:58" path="M"/>
        <file name="pfRSSHeader.jspf" md5="d294f774e67bf88e92f3e2e75477e528" size="2552" timestamp="2018-09-12T15:53:58" path="M"/>
        <file name="resources/info.png" md5="4e12c9abcf6477662daaab08bbcf9e81" size="3190" timestamp="2018-09-12T15:53:58" path="O"/>
        <file name="resources/headbgleft.jpg" md5="1981fe8931f14b46f2007e59df2967fb" size="338" timestamp="2018-09-12T15:53:58" path="O"/>
        <file name="resources/favicon.ico" md5="94df510924ade865c9e7e4519dbc25bf" size="3638" timestamp="2018-09-12T15:53:58" path="O"/>
        <file name="resources/visualise.png" md5="b18dd70d2c4afbb1735a531c65bc8929" size="589" timestamp="2018-09-12T15:53:58" path="O"/>
        <file name="resources/headbgright.jpg" md5="1b56bdc30d63195bba57a4770c950bad" size="686" timestamp="2018-09-12T15:53:58" path="O"/>
        <file name="resources/dbExport.png" md5="8303213a3c95654e14d5afd4e72ed4c2" size="755" timestamp="2018-09-12T15:53:58" path="O"/>
        <file name="resources/menubg.jpg" md5="efc9fb33e61c22170f4adc93c3777498" size="702" timestamp="2018-09-12T15:53:58" path="O"/>
        <file name="resources/dbImport.png" md5="85ec573136639de1dab60e6618cb7c1e" size="775" timestamp="2018-09-12T15:53:58" path="O"/>
        <file name="resources/start.ico" md5="3ea44b866778d83d2e23827edaac2f4e" size="1078" timestamp="2018-09-12T15:53:58" path="O"/>
        <file name="resources/nextday.png" md5="bab7471fa900fecaefaf06b6653ce79b" size="607" timestamp="2018-09-12T15:53:58" path="O"/>
        <file name="resources/workletException.png" md5="211c0086e9dc6393663327586ba5e556" size="582" timestamp="2018-09-12T15:53:58" path="O"/>
        <file name="resources/script.js" md5="e02b142579cba866690351b85f2b9084" size="3699" timestamp="2018-09-12T15:53:58" path="O"/>
        <file name="resources/menuLeft.png" md5="7f6227d8b0e600e03635203cd743f2d8" size="313" timestamp="2018-09-12T15:53:58" path="O"/>
        <file name="resources/stylesheet.css" md5="857fa0ba6d0456548ae22e513c888dea" size="14296" timestamp="2018-09-12T15:53:58" path="O"/>
        <file name="resources/synch.png" md5="b139ed675fdbdca56f0d73121f36f836" size="793" timestamp="2018-09-12T15:53:58" path="O"/>
        <file name="resources/userIcon.png" md5="fb0d7ad744ac336807fa433a86b28a45" size="732" timestamp="2018-09-12T15:53:58" path="O"/>
        <file name="resources/error.png" md5="92b4678fe682dad502d7e93992040b22" size="3592" timestamp="2018-09-12T15:53:58" path="O"/>
        <file name="resources/menuRight.png" md5="6d5e0c5d0e754fa2b72ea906d64bf594" size="363" timestamp="2018-09-12T15:53:58" path="O"/>
        <file name="resources/success.png" md5="45b0d4ff5c83708a10f81bca49e7b84e" size="3953" timestamp="2018-09-12T15:53:58" path="O"/>
        <file name="resources/prevday.png" md5="fae1cbe2f5d79439ff73f7ff583e71c4" size="614" timestamp="2018-09-12T15:53:58" path="O"/>
        <file name="resources/btnIcon.jpg" md5="0391f967f00c5f0bcb2df381e6dab2fb" size="967" timestamp="2018-09-12T15:53:58" path="O"/>
        <file name="resources/warn.png" md5="85f8565043f66ba99225c5b3f20f4009" size="2983" timestamp="2018-09-12T15:53:58" path="O"/>
        <file name="resources/newYAWL.jpg" md5="6d9ba3baad162c9b5875c1e572355989" size="12796" timestamp="2018-09-12T15:53:58" path="O"/>
        <file name="resources/refresh.png" md5="a75f599f4e3e26aa6dbe4f20c7da63f5" size="1330" timestamp="2018-09-12T15:53:58" path="O"/>
        <file name="resources/btnIconSml.jpg" md5="359af19a92a7414bd5d7ae4727b52323" size="782" timestamp="2018-09-12T15:53:58" path="O"/>
        <file name="customServices.jsp" md5="f4a57151c2c29384c79fc69347d611a2" size="13102" timestamp="2018-09-12T15:53:58" path="M"/>
        <file name="viewProfile.jsp" md5="d5ead81f0872ea554cf6f70c0aad3312" size="13049" timestamp="2018-09-12T15:53:58" path="M"/>
        <file name="externalClients.jsp" md5="218cd6d063aab1dd95c1208e3c3b55dc" size="12519" timestamp="2018-09-12T15:53:58" path="M"/>
        <file name="pfNHResources.jspf" md5="6d257db167e4f6b840b1ebef0833049b" size="9137" timestamp="2018-09-12T15:53:58" path="M"/>
        <file name="caseMgt.jsp" md5="3ee89f2e66348617e190f99fe9652b76" size="18740" timestamp="2018-09-12T15:53:58" path="M"/>
        <file name="pfOrgData.jspf" md5="db5d7030a10da52cdfa7f2c9475d6983" size="6045" timestamp="2018-09-12T15:53:58" path="M"/>
        <file name="orgDataMgt.jsp" md5="8902eccfdff9fc556b0618fd64774341" size="9905" timestamp="2018-09-12T15:53:58" path="M"/>
        <file name="welcome.htm" md5="a3dfe9a0fc668b839258b33667a229bc" size="778" timestamp="2018-09-12T15:53:58" path="Q"/>
        <file name="teamQueues.jsp" md5="41650f1c651d52eef45efd454d985704" size="7485" timestamp="2018-09-12T15:53:58" path="M"/>
        <file name="addInstance.jsp" md5="eeb9549f43ffbaa9c19207ee4f7372f8" size="5236" timestamp="2018-09-12T15:53:58" path="M"/>
        <file name="Login.jsp" md5="bf2e86ace94ce3c7a18c0896cc242a23" size="4448" timestamp="2018-09-12T15:53:58" path="M"/>
        <file name="pfAddRemove.jspf" md5="211947cb1beb76ddd6a7caf316907421" size="2536" timestamp="2018-09-12T15:53:58" path="M"/>
        <file name="secResourceMgt.jsp" md5="81dbdd82b24e9c7dc52ba879bc73b5a5" size="12524" timestamp="2018-09-12T15:53:58" path="M"/>
        <file name="WEB-INF/classes/version.properties" md5="fd0d990c47b3c0cd1203a9eba7ccad44" size="188" timestamp="2019-03-20T16:59:47" path="P"/>
        <file name="WEB-INF/classes/LDAPSource.properties" md5="7b733d2108b2837bc37647d935db5475" size="3864" timestamp="2018-09-12T15:53:58" path="S"/>
        <file name="WEB-INF/faces-config.xml" md5="2bd114cafb5e18cd7f87e29f91b61d61" size="643" timestamp="2018-09-12T15:53:58" path="R"/>
        <file name="WEB-INF/managed-beans.xml" md5="5ac4f093f31d2367e5c01dadf980f416" size="7659" timestamp="2018-09-12T15:53:58" path="R"/>
        <file name="WEB-INF/web.xml" md5="10d481f355ba81934f1953866b0517df" size="22858" timestamp="2018-09-12T15:53:58" path="P"/>
        <file name="WEB-INF/navigation.xml" md5="0678dbb9a1cc4780f55212303572be60" size="25056" timestamp="2018-09-12T15:53:58" path="R"/>
        <file name="dynForm.jsp" md5="8c5d3082333dbef3f75159b73b57073f" size="5141" timestamp="2018-09-12T15:53:58" path="M"/>
        <file name="pfFooter.jspf" md5="002e4de766dd06c52645c878a43b7279" size="1709" timestamp="2018-09-12T15:53:58" path="M"/>
        <file name="customformexample.jsp" md5="d772f7c50bc8af177aed92710ef51b1b" size="9505" timestamp="2018-09-12T15:53:58" path="M"/>
        <file name="visualiser.jsp" md5="aa3036fd8532c70a4753f7ed0c2e80c3" size="4022" timestamp="2018-09-12T15:53:58" path="M"/>
        <file name="graphics/Thumbs.db" md5="eb936b9acc99b18871e86d669ddad40a" size="16384" timestamp="2018-09-12T15:53:58" path="N"/>
        <file name="graphics/logosmall.jpg" md5="050677df96ab6793a39e4d59f4fe0578" size="2062" timestamp="2018-09-12T15:53:58" path="N"/>
        <file name="graphics/bg01.gif" md5="45268fa75e5992b96983eed8f9ae9abc" size="82" timestamp="2018-09-12T15:53:58" path="N"/>
        <file name="graphics/logobig.jpg" md5="8e2e8fe313e7af29c44fa84551297815" size="11662" timestamp="2018-09-12T15:53:58" path="N"/>
        <file name="graphics/subtext.jpg" md5="af8aae0c419d1945a35ec47b4b95692f" size="1179" timestamp="2018-09-12T15:53:58" path="G"/>
        <file name="graphics/common.css" md5="cebb397e37f82800b8d96672e1534c55" size="2782" timestamp="2018-09-12T15:53:58" path="G"/>
        <file name="graphics/wsText.jpg" md5="aaf9275d974ea1b4a30d12dae5e87c03" size="1274" timestamp="2018-09-12T15:53:58" path="N"/>
        <file name="graphics/yawl.swf" md5="3849953b829c6032dc645cf5b01188e3" size="8660" timestamp="2018-09-12T15:53:58" path="G"/>
        <file name="pfHeader.jspf" md5="04ffbdcc781599db55110e7dc6990769" size="2593" timestamp="2018-09-12T15:53:58" path="M"/>
        <file name="sessiontimeout.html" md5="28f965f9c8a08cc76cb0324144682737" size="2542" timestamp="2018-09-12T15:53:58" path="M"/>
        <file name="pfMsgPanel.jspf" md5="8d7ef1cce438cd4c6eb94ae5e3ae5dff" size="1317" timestamp="2018-09-12T15:53:58" path="M"/>
      </files>
      <lib>
        <file name="antlr-2.7.7.jar"/>
        <file name="commons-collections-3.2.1.jar"/>
        <file name="dom4j-1.6.1.jar"/>
        <file name="ehcache-core-2.4.3.jar"/>
        <file name="hibernate-c3p0-4.3.11.Final.jar"/>
        <file name="hibernate-core-4.3.11.Final.jar"/>
        <file name="hibernate-commons-annotations-4.0.5.Final.jar"/>
        <file name="hibernate-ehcache-4.3.11.Final.jar"/>
        <file name="hibernate-jpa-2.1-api-1.0.0.Final.jar"/>
        <file name="hibernate.cfg.xml"/>
        <file name="javassist-3.18.1-GA.jar"/>
        <file name="jboss-logging-3.3.0.Final.jar"/>
        <file name="jboss-transaction-api_1.2_spec-1.0.0.Final.jar"/>
        <file name="c3p0-0.9.2.1.jar"/>
        <file name="slf4j-api-1.7.12.jar"/>
        <file name="mchange-commons-java-0.2.3.4.jar"/>
        <file name="jandex-1.1.0.Final.jar"/>
        <file name="common.jar"/>
        <file name="ecore.jar"/>
        <file name="jdom-2.0.5.jar"/>
        <file name="log4j-api-2.3.jar"/>
        <file name="log4j-core-2.3.jar"/>
        <file name="log4j-1.2-api-2.3.jar"/>
        <file name="log4j-slf4j-impl-2.3.jar"/>
        <file name="postgresql-9.4.1207.jre6.jar"/>
        <file name="appbase.jar"/>
        <file name="jsf-api.jar"/>
        <file name="jsf-impl.jar"/>
        <file name="jsfcl.jar"/>
        <file name="webui.jar"/>
        <file name="commons-digester.jar"/>
        <file name="commons-beanutils.jar"/>
        <file name="commons-fileupload-1.2.2.jar"/>
        <file name="commons-io-2.0.1.jar"/>
        <file name="commons-logging-1.1.1.jar"/>
        <file name="standard.jar"/>
        <file name="jstl.jar"/>
        <file name="rowset.jar"/>
        <file name="dataprovider.jar"/>
        <file name="errorhandler.jar"/>
        <file name="defaulttheme-gray.jar"/>
        <file name="commons-lang-2.3.jar"/>
        <file name="commons-codec-1.9.jar"/>
        <file name="xercesImpl.jar"/>
        <file name="saxon9.jar"/>
        <file name="saxon9-dom.jar"/>
        <file name="saxon9-s9api.jar"/>
        <file name="saxon9-jdom.jar"/>
      </lib>
    </resourceService>
    <monitorService>
      <build>541</build>
      <files>
        <file name="resources/info.png" md5="4e12c9abcf6477662daaab08bbcf9e81" size="3190" timestamp="2017-11-29T13:02:13" path="U"/>
        <file name="resources/headbgleft.jpg" md5="1981fe8931f14b46f2007e59df2967fb" size="338" timestamp="2017-11-29T13:02:13" path="U"/>
        <file name="resources/favicon.ico" md5="94df510924ade865c9e7e4519dbc25bf" size="3638" timestamp="2017-11-29T13:02:13" path="U"/>
        <file name="resources/headbgright.jpg" md5="1b56bdc30d63195bba57a4770c950bad" size="686" timestamp="2017-11-29T13:02:13" path="U"/>
        <file name="resources/logout.png" md5="757aa607cbcd1616ced5a336e56b0e6c" size="587" timestamp="2017-11-29T13:02:13" path="U"/>
        <file name="resources/script.js" md5="2e6cc06cf8659121bc4f05d81a96d826" size="2380" timestamp="2017-11-29T13:02:13" path="U"/>
        <file name="resources/stylesheet.css" md5="e81c40ad16dfd5ba85914d894bbd04de" size="4595" timestamp="2017-11-29T13:02:13" path="U"/>
        <file name="resources/error.png" md5="92b4678fe682dad502d7e93992040b22" size="3592" timestamp="2017-11-29T13:02:13" path="U"/>
        <file name="resources/success.png" md5="45b0d4ff5c83708a10f81bca49e7b84e" size="3953" timestamp="2017-11-29T13:02:13" path="U"/>
        <file name="resources/warn.png" md5="85f8565043f66ba99225c5b3f20f4009" size="2983" timestamp="2017-11-29T13:02:13" path="U"/>
        <file name="resources/newYAWL.jpg" md5="6d9ba3baad162c9b5875c1e572355989" size="12796" timestamp="2017-11-29T13:02:13" path="U"/>
        <file name="resources/back.png" md5="1448e9b9ad79326f907f1d3f011b39e3" size="745" timestamp="2017-11-29T13:02:13" path="U"/>
        <file name="resources/refresh.png" md5="a75f599f4e3e26aa6dbe4f20c7da63f5" size="1330" timestamp="2017-11-29T13:02:13" path="U"/>
        <file name="ActiveCases.jsp" md5="048ca8cc15b4bcfc9c858addaf2c56bc" size="9616" timestamp="2017-11-29T13:02:13" path="T"/>
        <file name="WEB-INF/classes/version.properties" md5="5a0e1235d23781a992645b43db8e48a0" size="156" timestamp="2017-11-29T13:02:13" path="V"/>
        <file name="WEB-INF/faces-config.xml" md5="bc9711ea13d60073f0b372d620ee2f49" size="496" timestamp="2017-11-29T13:02:13" path="W"/>
        <file name="WEB-INF/managed-beans.xml" md5="ff6ae3e9ed0b2bc5bd1473ba76126ab6" size="1756" timestamp="2017-11-29T13:02:13" path="W"/>
        <file name="WEB-INF/web.xml" md5="47e7df09e1adf19a3679904feab37d50" size="7452" timestamp="2017-11-29T13:02:13" path="V"/>
        <file name="WEB-INF/navigation.xml" md5="7502f1f435345f3598661f62a974863c" size="1895" timestamp="2017-11-29T13:02:13" path="W"/>
        <file name="ItemParams.jsp" md5="3823a14ef35dad5d2ef0bcfa43582b1d" size="20477" timestamp="2017-11-29T13:02:13" path="T"/>
        <file name="CaseItems.jsp" md5="29c9280a9cf8a3975bef4312a2cea1f4" size="17202" timestamp="2017-11-29T13:02:13" path="T"/>
        <file name="pfHeader.jspf" md5="b6a9b38e8aa15e72819f315b39adfff4" size="2585" timestamp="2017-11-29T13:02:13" path="T"/>
        <file name="msLogin.jsp" md5="0c620476be34d890cf30501f5d86d8aa" size="4501" timestamp="2017-11-29T13:02:13" path="T"/>
        <file name="sessiontimeout.html" md5="98c0c2ea39f990f84e3065015c95bc58" size="2550" timestamp="2017-11-29T13:02:13" path="T"/>
        <file name="pfMsgPanel.jspf" md5="8d7ef1cce438cd4c6eb94ae5e3ae5dff" size="1317" timestamp="2017-11-29T13:02:13" path="T"/>
      </files>
      <lib>
        <file name="jdom-2.0.5.jar"/>
        <file name="log4j-api-2.3.jar"/>
        <file name="log4j-core-2.3.jar"/>
        <file name="log4j-1.2-api-2.3.jar"/>
        <file name="log4j-slf4j-impl-2.3.jar"/>
        <file name="appbase.jar"/>
        <file name="jsf-api.jar"/>
        <file name="jsf-impl.jar"/>
        <file name="jsfcl.jar"/>
        <file name="webui.jar"/>
        <file name="commons-digester.jar"/>
        <file name="commons-beanutils.jar"/>
        <file name="commons-fileupload-1.2.2.jar"/>
        <file name="commons-io-2.0.1.jar"/>
        <file name="commons-logging-1.1.1.jar"/>
        <file name="standard.jar"/>
        <file name="jstl.jar"/>
        <file name="rowset.jar"/>
        <file name="dataprovider.jar"/>
        <file name="errorhandler.jar"/>
        <file name="defaulttheme-gray.jar"/>
        <file name="commons-lang-2.3.jar"/>
        <file name="commons-logging-1.1.1.jar"/>
        <file name="commons-collections-3.2.1.jar"/>
        <file name="commons-codec-1.9.jar"/>
        <file name="xercesImpl.jar"/>
      </lib>
    </monitorService>
    <costService>
      <build>190</build>
      <files>
        <file name="WEB-INF/web.xml" md5="7404ebecadd8472e828fced609644fec" size="4509" timestamp="2017-11-29T13:02:14" path="X"/>
        <file name="xsd/cost.xesext" md5="3a3a60471fe05b06fe7407967b0e086e" size="1264" timestamp="2017-11-29T13:02:14" path="Y"/>
        <file name="xsd/costinput.xsd" md5="661e97f9a3811fd46c239ae48830f9a4" size="6260" timestamp="2017-11-29T13:02:14" path="Y"/>
        <file name="xsd/costprocess.xsd" md5="b3ac555c74063f5b0a3d9cbb800b9e2f" size="1296" timestamp="2017-11-29T13:02:14" path="Y"/>
        <file name="xsd/costmodel.xsd" md5="371b3352878a8b76652dae312dad7c1e" size="2260" timestamp="2017-11-29T13:02:14" path="Y"/>
      </files>
      <lib>
        <file name="jdom-2.0.5.jar"/>
        <file name="xercesImpl.jar"/>
        <file name="log4j-api-2.3.jar"/>
        <file name="log4j-core-2.3.jar"/>
        <file name="log4j-1.2-api-2.3.jar"/>
        <file name="log4j-slf4j-impl-2.3.jar"/>
        <file name="antlr-2.7.7.jar"/>
        <file name="commons-collections-3.2.1.jar"/>
        <file name="dom4j-1.6.1.jar"/>
        <file name="ehcache-core-2.4.3.jar"/>
        <file name="hibernate-c3p0-4.3.11.Final.jar"/>
        <file name="hibernate-core-4.3.11.Final.jar"/>
        <file name="hibernate-commons-annotations-4.0.5.Final.jar"/>
        <file name="hibernate-ehcache-4.3.11.Final.jar"/>
        <file name="hibernate-jpa-2.1-api-1.0.0.Final.jar"/>
        <file name="hibernate.cfg.xml"/>
        <file name="javassist-3.18.1-GA.jar"/>
        <file name="jboss-logging-3.3.0.Final.jar"/>
        <file name="jboss-transaction-api_1.2_spec-1.0.0.Final.jar"/>
        <file name="c3p0-0.9.2.1.jar"/>
        <file name="slf4j-api-1.7.12.jar"/>
        <file name="mchange-commons-java-0.2.3.4.jar"/>
        <file name="jandex-1.1.0.Final.jar"/>
        <file name="postgresql-9.4.1207.jre6.jar"/>
        <file name="commons-codec-1.9.jar"/>
        <file name="saxon9.jar"/>
        <file name="saxon9-dom.jar"/>
        <file name="saxon9-s9api.jar"/>
        <file name="saxon9-jdom.jar"/>
        <file name="commons-lang-2.3.jar"/>
      </lib>
    </costService>
    <twitterService>
      <build>134</build>
      <files>
        <file name="WEB-INF/classes/twitter4j.properties" md5="1d02e1995f113a4428b465dd0b6b5370" size="1645" timestamp="2017-11-29T13:02:16" path="Z"/>
        <file name="WEB-INF/web.xml" md5="1bba8abcbd4b3c6877f33938d4fb2d14" size="2862" timestamp="2017-11-29T13:02:16" path="Z"/>
      </files>
      <lib>
        <file name="jdom-2.0.5.jar"/>
        <file name="log4j-api-2.3.jar"/>
        <file name="log4j-core-2.3.jar"/>
        <file name="log4j-1.2-api-2.3.jar"/>
        <file name="log4j-slf4j-impl-2.3.jar"/>
        <file name="twitter4j-core-2.1.8.jar"/>
        <file name="commons-codec-1.9.jar"/>
        <file name="xercesImpl.jar"/>
      </lib>
    </twitterService>
    <schedulingService>
      <build>404</build>
      <files>
        <file name="ResourceServiceJSP.jsp" md5="67505bb615d9dda21c3e8075d10a714e" size="1059" timestamp="2017-11-29T13:02:16" path="AA"/>
        <file name="Error.jsp" md5="7e99c114ed194f71019bf709f9d1b368" size="1542" timestamp="2017-11-29T13:02:16" path="AA"/>
        <file name="favicon.ico" md5="1fcbc9ae692c40cef56a90d660250f8e" size="1406" timestamp="2017-11-29T13:02:16" path="AA"/>
        <file name="perikles.css" md5="7e08edb08c97c5a5f98d9c45e1c2fd19" size="3163" timestamp="2017-11-29T13:02:16" path="AA"/>
        <file name="ResourceGatewayProxyJSP.jsp" md5="4b9fb68ba16fc248006b880a011b25e6" size="1904" timestamp="2017-11-29T13:02:16" path="AA"/>
        <file name="WEB-INF/classes/schedule.properties" md5="bfeaf8e04ea76b655eb1491b134ed29b" size="843" timestamp="2017-11-29T13:02:16" path="AC"/>
        <file name="WEB-INF/classes/resources_en.properties" md5="33a16508788f6f866491298a8d7624a6" size="14368" timestamp="2017-11-29T13:02:16" path="AC"/>
        <file name="WEB-INF/classes/common.xsd" md5="d0bb89ef1df29a1ec85817a47d65e882" size="7575" timestamp="2017-11-29T13:02:16" path="AB"/>
        <file name="WEB-INF/classes/yawl.properties" md5="aa6ff7fa8f9bb07b323d142c7cbd67c4" size="1357" timestamp="2017-11-29T13:02:16" path="AC"/>
        <file name="WEB-INF/classes/rup.xsd" md5="440a90573fa970f884e2cdb31a5700a6" size="9610" timestamp="2017-11-29T13:02:16" path="AB"/>
        <file name="WEB-INF/web.xml" md5="9efaaf30ac88a0532c0ab46a0f1e2abe" size="2861" timestamp="2017-11-29T13:02:16" path="AD"/>
        <file name="perikles.js" md5="f36119bb4939493bff4920a09bac20aa" size="17470" timestamp="2017-11-29T13:02:16" path="AA"/>
        <file name="sexycombotest.html" md5="7575ce4e434b0cd5432cd65d405dea01" size="29616" timestamp="2017-11-29T13:02:16" path="AA"/>
        <file name="SchedulingServiceJSP.jsp" md5="9e83e11ffd3c4164aa4939e3a51c7397" size="2720" timestamp="2017-11-29T13:02:16" path="AA"/>
      </files>
      <lib>
        <file name="json.jar"/>
        <file name="commons-dbcp-1.3.jar"/>
        <file name="commons-pool-1.5.4.jar"/>
        <file name="jaxen-1.1.6.jar"/>
        <file name="ucp.jar"/>
        <file name="xdb.jar"/>
        <file name="xalan.jar"/>
        <file name="xmlparserv2.jar"/>
        <file name="xmlunit-1.3.jar"/>
        <file name="antlr-2.7.7.jar"/>
        <file name="commons-collections-3.2.1.jar"/>
        <file name="dom4j-1.6.1.jar"/>
        <file name="ehcache-core-2.4.3.jar"/>
        <file name="hibernate-c3p0-4.3.11.Final.jar"/>
        <file name="hibernate-core-4.3.11.Final.jar"/>
        <file name="hibernate-commons-annotations-4.0.5.Final.jar"/>
        <file name="hibernate-ehcache-4.3.11.Final.jar"/>
        <file name="hibernate-jpa-2.1-api-1.0.0.Final.jar"/>
        <file name="hibernate.cfg.xml"/>
        <file name="javassist-3.18.1-GA.jar"/>
        <file name="jboss-logging-3.3.0.Final.jar"/>
        <file name="jboss-transaction-api_1.2_spec-1.0.0.Final.jar"/>
        <file name="c3p0-0.9.2.1.jar"/>
        <file name="slf4j-api-1.7.12.jar"/>
        <file name="mchange-commons-java-0.2.3.4.jar"/>
        <file name="jandex-1.1.0.Final.jar"/>
        <file name="jdom-2.0.5.jar"/>
        <file name="log4j-api-2.3.jar"/>
        <file name="log4j-core-2.3.jar"/>
        <file name="log4j-1.2-api-2.3.jar"/>
        <file name="log4j-slf4j-impl-2.3.jar"/>
        <file name="postgresql-9.4.1207.jre6.jar"/>
        <file name="commons-codec-1.9.jar"/>
        <file name="commons-dbcp-1.3.jar"/>
        <file name="commons-pool-1.5.4.jar"/>
        <file name="xercesImpl.jar"/>
      </lib>
    </schedulingService>
    <digitalSignature>
      <build>227</build>
      <files>
        <file name="upload.jsp" md5="e11d2ccfc31cddd651a6e8db68eae865" size="7109" timestamp="2018-07-03T18:19:13" path="AF"/>
        <file name="resources/headbgleft.jpg" md5="1981fe8931f14b46f2007e59df2967fb" size="338" timestamp="2018-07-03T18:19:13" path="AE"/>
        <file name="resources/headbgright.jpg" md5="1b56bdc30d63195bba57a4770c950bad" size="686" timestamp="2018-07-03T18:19:13" path="AE"/>
        <file name="resources/stylesheet.css" md5="2105f3393d86e7d9eab40d60de86a97a" size="6480" timestamp="2018-07-03T18:19:13" path="AE"/>
        <file name="resources/newYAWL.jpg" md5="6d9ba3baad162c9b5875c1e572355989" size="12796" timestamp="2018-07-03T18:19:13" path="AE"/>
        <file name="Signature.jsp" md5="b21feac15edde1017c653850eb08eff1" size="6901" timestamp="2018-07-03T18:19:13" path="AF"/>
        <file name="WEB-INF/web.xml" md5="c7e32e47b543d19fd7a058a9326a6b51" size="2911" timestamp="2018-07-03T18:19:13" path="AG"/>
      </files>
      <lib>
        <file name="jdom-2.0.5.jar"/>
        <file name="log4j-api-2.3.jar"/>
        <file name="log4j-core-2.3.jar"/>
        <file name="log4j-1.2-api-2.3.jar"/>
        <file name="log4j-slf4j-impl-2.3.jar"/>
        <file name="commons-codec-1.9.jar"/>
        <file name="commons-io-2.0.1.jar"/>
        <file name="commons-fileupload-1.2.2.jar"/>
        <file name="bcmail-jdk15-139.jar"/>
        <file name="bcprov-jdk15-139.jar"/>
        <file name="xercesImpl.jar"/>
      </lib>
    </digitalSignature>
    <mailSender>
      <build>196</build>
      <files>
        <file name="resources/headbgleft.jpg" md5="1981fe8931f14b46f2007e59df2967fb" size="338" timestamp="2017-11-29T13:02:18" path="AH"/>
        <file name="resources/headbgright.jpg" md5="1b56bdc30d63195bba57a4770c950bad" size="686" timestamp="2017-11-29T13:02:18" path="AH"/>
        <file name="resources/stylesheet.css" md5="2105f3393d86e7d9eab40d60de86a97a" size="6480" timestamp="2017-11-29T13:02:18" path="AH"/>
        <file name="resources/newYAWL.jpg" md5="6d9ba3baad162c9b5875c1e572355989" size="12796" timestamp="2017-11-29T13:02:18" path="AH"/>
        <file name="Send.jsp" md5="d22262b6741205e96e331b659f8ee645" size="6149" timestamp="2017-11-29T13:02:18" path="AI"/>
        <file name="SetSMTP.jsp" md5="6e6c1163809fef67fbd18a2f15d168cc" size="6263" timestamp="2017-11-29T13:02:18" path="AI"/>
        <file name="WebMail.jsp" md5="47b005bf4efbdbf5e783e00318b38df6" size="6952" timestamp="2017-11-29T13:02:18" path="AI"/>
        <file name="WEB-INF/web.xml" md5="5dc5bccf5521a0b805498feee56a98d3" size="2527" timestamp="2017-11-29T13:02:18" path="AJ"/>
      </files>
      <lib>
        <file name="jdom-2.0.5.jar"/>
        <file name="log4j-api-2.3.jar"/>
        <file name="log4j-core-2.3.jar"/>
        <file name="log4j-1.2-api-2.3.jar"/>
        <file name="log4j-slf4j-impl-2.3.jar"/>
        <file name="mail.jar"/>
        <file name="activation.jar"/>
        <file name="commons-io-2.0.1.jar"/>
        <file name="commons-fileupload-1.2.2.jar"/>
        <file name="commons-codec-1.9.jar"/>
        <file name="xercesImpl.jar"/>
      </lib>
    </mailSender>
    <mailService>
      <build>163</build>
      <files>
        <file name="WEB-INF/web.xml" md5="a226455872f299f11eb979ab74b6e67c" size="6531" timestamp="2018-03-22T22:43:07" path="AK"/>
      </files>
      <lib>
        <file name="jdom-2.0.5.jar"/>
        <file name="log4j-api-2.3.jar"/>
        <file name="log4j-core-2.3.jar"/>
        <file name="log4j-1.2-api-2.3.jar"/>
        <file name="log4j-slf4j-impl-2.3.jar"/>
        <file name="mailapi.jar"/>
        <file name="simple-java-mail-4.4.5.jar"/>
        <file name="smtp.jar"/>
        <file name="slf4j-api-1.7.12.jar"/>
        <file name="commons-codec-1.9.jar"/>
        <file name="xercesImpl.jar"/>
      </lib>
    </mailService>
    <procletService>
      <build>446</build>
      <files>
        <file name="editor.properties" md5="96eedb4213d588ac7490d1219bd2dab8" size="1116" timestamp="2017-11-29T13:02:20" path="AL"/>
        <file name="procletEditor.jar" md5="857134dd5990c14ec400f7127a845bfa" size="514957" timestamp="2017-11-29T13:02:20" path="AM"/>
        <file name="WEB-INF/web.xml" md5="f1e02a1540ff20b9a761cdf1521be699" size="2870" timestamp="2017-11-29T13:02:20" path="AL"/>
        <file name="runEditor.bat" md5="922ea2777bfa8703fb7296c3c5233e79" size="188" timestamp="2017-11-29T13:02:20" path="AL"/>
        <file name="runEditor.sh" md5="8ac678e46d74df2d794e8eb6a07462bb" size="185" timestamp="2017-11-29T13:02:20" path="AL"/>
      </files>
      <lib>
        <file name="antlr-2.7.7.jar"/>
        <file name="commons-collections-3.2.1.jar"/>
        <file name="dom4j-1.6.1.jar"/>
        <file name="ehcache-core-2.4.3.jar"/>
        <file name="hibernate-c3p0-4.3.11.Final.jar"/>
        <file name="hibernate-core-4.3.11.Final.jar"/>
        <file name="hibernate-commons-annotations-4.0.5.Final.jar"/>
        <file name="hibernate-ehcache-4.3.11.Final.jar"/>
        <file name="hibernate-jpa-2.1-api-1.0.0.Final.jar"/>
        <file name="hibernate.cfg.xml"/>
        <file name="javassist-3.18.1-GA.jar"/>
        <file name="jboss-logging-3.3.0.Final.jar"/>
        <file name="jboss-transaction-api_1.2_spec-1.0.0.Final.jar"/>
        <file name="c3p0-0.9.2.1.jar"/>
        <file name="slf4j-api-1.7.12.jar"/>
        <file name="mchange-commons-java-0.2.3.4.jar"/>
        <file name="jandex-1.1.0.Final.jar"/>
        <file name="commons-codec-1.9.jar"/>
        <file name="collections-generic-4.01.jar"/>
        <file name="colt-1.2.0.jar"/>
        <file name="concurrent-1.3.4.jar"/>
        <file name="jung-3d-2.0.jar"/>
        <file name="jung-3d-demos-2.0.jar"/>
        <file name="jung-algorithms-2.0.jar"/>
        <file name="jung-api-2.0.jar"/>
        <file name="jung-api-2.0-tests.jar"/>
        <file name="jung-graph-impl-2.0.jar"/>
        <file name="jung-io-2.0.jar"/>
        <file name="jung-jai-2.0.jar"/>
        <file name="jung-jai-samples-2.0.jar"/>
        <file name="jung-jai-samples-2.0.jar"/>
        <file name="jung-samples-2.0.jar"/>
        <file name="jung-visualization-2.0.jar"/>
        <file name="postgresql-9.4.1207.jre6.jar"/>
        <file name="jdom-2.0.5.jar"/>
        <file name="log4j-api-2.3.jar"/>
        <file name="log4j-core-2.3.jar"/>
        <file name="log4j-1.2-api-2.3.jar"/>
        <file name="log4j-slf4j-impl-2.3.jar"/>
        <file name="xercesImpl.jar"/>
      </lib>
    </procletService>
    <documentStore>
      <build>107</build>
      <files>
        <file name="WEB-INF/web.xml" md5="fdb13d27e049f2dcb4a80508cb591b7c" size="3903" timestamp="2017-11-29T13:02:21" path="AN"/>
      </files>
      <lib>
        <file name="antlr-2.7.7.jar"/>
        <file name="commons-collections-3.2.1.jar"/>
        <file name="dom4j-1.6.1.jar"/>
        <file name="ehcache-core-2.4.3.jar"/>
        <file name="hibernate-c3p0-4.3.11.Final.jar"/>
        <file name="hibernate-core-4.3.11.Final.jar"/>
        <file name="hibernate-commons-annotations-4.0.5.Final.jar"/>
        <file name="hibernate-ehcache-4.3.11.Final.jar"/>
        <file name="hibernate-jpa-2.1-api-1.0.0.Final.jar"/>
        <file name="hibernate.cfg.xml"/>
        <file name="javassist-3.18.1-GA.jar"/>
        <file name="jboss-logging-3.3.0.Final.jar"/>
        <file name="jboss-transaction-api_1.2_spec-1.0.0.Final.jar"/>
        <file name="c3p0-0.9.2.1.jar"/>
        <file name="slf4j-api-1.7.12.jar"/>
        <file name="mchange-commons-java-0.2.3.4.jar"/>
        <file name="jandex-1.1.0.Final.jar"/>
        <file name="postgresql-9.4.1207.jre6.jar"/>
        <file name="commons-codec-1.9.jar"/>
        <file name="jdom-2.0.5.jar"/>
        <file name="xercesImpl.jar"/>
        <file name="log4j-api-2.3.jar"/>
        <file name="log4j-core-2.3.jar"/>
        <file name="log4j-1.2-api-2.3.jar"/>
        <file name="log4j-slf4j-impl-2.3.jar"/>
      </lib>
    </documentStore>
    <orderfulfillment>
      <build>4</build>
      <files>
        <file name="_examples/orderfulfillment.pdf" md5="b4bd38154575047ce0043c2b8ee3d068" size="254244" timestamp="2016-03-11T16:49:19" path="AP"/>
        <file name="_examples/orderfulfillment.yawl" md5="362cafb837dc06bfe1b2cf9bd7911c81" size="264298" timestamp="2016-03-11T16:49:19" path="AP"/>
        <file name="_examples/orderfulfillment.ybkp" md5="d70d1c3a890fb2843c1cbbe670062193" size="25465" timestamp="2016-03-11T16:49:19" path="AP"/>
        <file name="_examples/orderfulfillment_customforms.yawl" md5="fd02acc2d640a293a7fdd1db60297897" size="263252" timestamp="2016-03-11T16:49:19" path="AP"/>
        <file name="calendar.css" md5="47c94f73238c99395788e87017fcb27c" size="1876" timestamp="2016-03-11T16:49:19" path="AO"/>
        <file name="calendar_eu.js" md5="ea91292ebfaa6ac8107e6ca8c65edbdc" size="13201" timestamp="2016-03-11T16:49:19" path="AO"/>
        <file name="carrierappointment/Arrange_Delivery_Appointment.jsp" md5="9106eaab6a0432bb9eb18c6a19972f1d" size="11712" timestamp="2016-03-11T16:49:19" path="AQ"/>
        <file name="carrierappointment/Arrange_Pickup_Appointment.jsp" md5="b1a780caf1364fab6a1e6482064d4ce9" size="11342" timestamp="2016-03-11T16:49:19" path="AQ"/>
        <file name="carrierappointment/Create_Bill_Of_Lading.jsp" md5="5fed8e6535d691a010e8c1ae7f3f654e" size="10635" timestamp="2016-03-11T16:49:19" path="AQ"/>
        <file name="carrierappointment/Create_Carrier_Manifest.jsp" md5="893761020b3de9aaa4ea6d70bede21fa" size="9209" timestamp="2016-03-11T16:49:19" path="AQ"/>
        <file name="carrierappointment/Create_Shipment_Information_Document.jsp" md5="b38ed27863b524a0694462c60a001a88" size="11029" timestamp="2016-03-11T16:49:19" path="AQ"/>
        <file name="carrierappointment/Estimate_Trailer_Usage.jsp" md5="6f32121d9bd678a3f3850e0e7b727396" size="13504" timestamp="2016-03-11T16:49:19" path="AQ"/>
        <file name="carrierappointment/Modify_Delivery_Appointment.jsp" md5="a50dc4e5774bfd8db2c2b9e00dede378" size="10626" timestamp="2016-03-11T16:49:19" path="AQ"/>
        <file name="carrierappointment/Modify_Pickup_Appointment.jsp" md5="5976b0e3e2eb8f80f79ec7e4efd6a6ce" size="10438" timestamp="2016-03-11T16:49:19" path="AQ"/>
        <file name="carrierappointment/Prepare_Route_Guide.jsp" md5="9d78cda67a5f2851507b1c22678299a6" size="10316" timestamp="2016-03-11T16:49:19" path="AQ"/>
        <file name="carrierappointment/Prepare_Transportation_Quote.jsp" md5="99a96929449985a1ae1fccaa83af3bd3" size="10400" timestamp="2016-03-11T16:49:19" path="AQ"/>
        <file name="carrierappointment/Produce_Shipment_Notice.jsp" md5="ead2c0e7af2f533cf20d977d30852a2f" size="16984" timestamp="2016-03-11T16:49:19" path="AQ"/>
        <file name="freightdelivered/Authorize_Loss_Or_Damage_Claim.jsp" md5="34a765e1e6197301a4b2810db149b22b" size="10911" timestamp="2016-03-11T16:49:19" path="AR"/>
        <file name="freightdelivered/Authorize_Return_Merchandise.jsp" md5="b7827cd4924bdf041a1c796941e8c42d" size="13421" timestamp="2016-03-11T16:49:19" path="AR"/>
        <file name="freightdelivered/Lodge_A_Request_For_Return_Merchandise.jsp" md5="d521dde9e1ba5eb1934bd2b419e86f16" size="14943" timestamp="2016-03-11T16:49:19" path="AR"/>
        <file name="freightdelivered/Lodge_Loss_Or_Damage_Claim_Report.jsp" md5="a36d3981ed3766c79f98fbc54d0ab886" size="10364" timestamp="2016-03-11T16:49:19" path="AR"/>
        <file name="freightintransit/Create_Acceptance_Certificate.jsp" md5="2dc5a91bfcc8d1abc137dd568b9dba27" size="10216" timestamp="2016-03-11T16:49:19" path="AS"/>
        <file name="freightintransit/Initiate_Shipment_Status_Inquiry.jsp" md5="f11513dce6c0763ee542497951a9bf6c" size="9483" timestamp="2016-03-11T16:49:19" path="AS"/>
        <file name="freightintransit/Issue_Trackpoint_Notice.jsp" md5="eed8c6c04dff1860f8ef6e7aad872d91" size="13626" timestamp="2016-03-11T16:49:19" path="AS"/>
        <file name="freightintransit/Log_Trackpoint_Order_Entry.jsp" md5="c1f9a564c47d6333b73c8244444c29e7" size="10686" timestamp="2016-03-11T16:49:19" path="AS"/>
        <file name="img/branch.png" md5="9e4a2c87e206be9c43db3843f4815da8" size="1023825" timestamp="2016-03-11T16:49:19" path="AT"/>
        <file name="img/cal.gif" md5="e05d8b00f8595743d3326c92cd6f2365" size="127" timestamp="2016-03-11T16:49:19" path="AT"/>
        <file name="img/genko_logo2.png" md5="cc43ad2538921e20e9220fafcc0732dd" size="73867" timestamp="2016-03-11T16:49:19" path="AT"/>
        <file name="img/next_mon.gif" md5="7a234f52d8a0fab15294e782259c8619" size="60" timestamp="2016-03-11T16:49:19" path="AT"/>
        <file name="img/next_year.gif" md5="b36cf816483b16759307b0eed1663756" size="70" timestamp="2016-03-11T16:49:19" path="AT"/>
        <file name="img/no_cal.gif" md5="769065329e95aa252532a7492dd543a5" size="139" timestamp="2016-03-11T16:49:19" path="AT"/>
        <file name="img/pixel.gif" md5="c2db45a8f494c4b40095f4fd38d613fd" size="67" timestamp="2016-03-11T16:49:19" path="AT"/>
        <file name="img/prev_mon.gif" md5="6084cc41d70cd0f19c4f68680815285c" size="59" timestamp="2016-03-11T16:49:19" path="AT"/>
        <file name="img/prev_year.gif" md5="40862ad408958ef1d3776be4779523e4" size="69" timestamp="2016-03-11T16:49:19" path="AT"/>
        <file name="img/shade_bl.png" md5="a7d40fc35bcd7a2d24d312b13c4b6a57" size="185" timestamp="2016-03-11T16:49:19" path="AT"/>
        <file name="img/shade_bm.png" md5="0ed7e1a97f490e896f15f1a0a2b2f0a1" size="164" timestamp="2016-03-11T16:49:19" path="AT"/>
        <file name="img/shade_br.png" md5="3d453ac5e95d81162329376b109e6242" size="204" timestamp="2016-03-11T16:49:19" path="AT"/>
        <file name="img/shade_mr.png" md5="afbdf2cc4aa06610988af4e31f2646f8" size="155" timestamp="2016-03-11T16:49:19" path="AT"/>
        <file name="img/shade_tr.png" md5="ef8f7d44c433e9bdaf83dd15c150eb09" size="200" timestamp="2016-03-11T16:49:19" path="AT"/>
        <file name="orderfulfilment.js" md5="891f57845c2772a50a4636c2b0333a47" size="12701" timestamp="2016-03-11T16:49:19" path="AO"/>
        <file name="ordering/Approve_Purchase_Order.jsp" md5="d6d21fccf0ecb9ff10f5925003b69673" size="17445" timestamp="2016-03-11T16:49:19" path="AU"/>
        <file name="ordering/Confirm_Purchase_Order.jsp" md5="ffcce8fdaa99fc7d9d088e9dc954cf9c" size="17045" timestamp="2016-03-11T16:49:19" path="AU"/>
        <file name="ordering/Create_Purchase_Order.jsp" md5="481b09af2c97f93369c9a5df07500823" size="20712" timestamp="2016-03-11T16:49:19" path="AU"/>
        <file name="ordering/Modify_Purchase_Order.jsp" md5="0970305ab097cf266beaac39cf0e9858" size="19406" timestamp="2016-03-11T16:49:19" path="AU"/>
        <file name="payment/Approve_Shipment_Payment_Order.jsp" md5="3510acd181075dfb6ec6929b3dead654" size="14996" timestamp="2016-03-11T16:49:19" path="AV"/>
        <file name="payment/Issue_Credit_Adjustment.jsp" md5="ad1324b19b261c20e04a8d621853b04a" size="18881" timestamp="2016-03-11T16:49:19" path="AV"/>
        <file name="payment/Issue_Debit_Adjustment.jsp" md5="9286cb368183ae36ea6eb4fa0bbf514f" size="14717" timestamp="2016-03-11T16:49:19" path="AV"/>
        <file name="payment/Issue_Shipment_Invoice.jsp" md5="59c50bb2cf54ba84d0577afd50401cec" size="12211" timestamp="2016-03-11T16:49:19" path="AV"/>
        <file name="payment/Issue_Shipment_Payment_Order.jsp" md5="aa78ae8e90f3388d75aa1a61382a8e27" size="14273" timestamp="2016-03-11T16:49:19" path="AV"/>
        <file name="payment/Issue_Shipment_Remittance_Advice.jsp" md5="317e2190611b476c00eb9115e1437539" size="9759" timestamp="2016-03-11T16:49:19" path="AV"/>
        <file name="payment/Process_Shipment_Payment.jsp" md5="b28775ddeb25ae67fb8daa7132df6a47" size="14549" timestamp="2016-03-11T16:49:19" path="AV"/>
        <file name="payment/Produce_Freight_Invoice.jsp" md5="b067ee12efdd5276c345c577be950c36" size="11908" timestamp="2016-03-11T16:49:19" path="AV"/>
        <file name="payment/Update_Shipment_Payment_Order.jsp" md5="2f0aa00c206be7caacee721cfa60a559" size="14304" timestamp="2016-03-11T16:49:19" path="AV"/>
        <file name="style.css" md5="10623fe52b0271d33e2e5ad10829db38" size="3994" timestamp="2016-03-11T16:49:19" path="AO"/>
      </files>
      <lib>
        <file name="activation.jar"/>
        <file name="cos.jar"/>
        <file name="jaxb1-impl.jar"/>
        <file name="jaxb-api.jar"/>
        <file name="jaxb-impl.jar"/>
        <file name="jaxb-xjc.jar"/>
        <file name="jdom.jar"/>
        <file name="jsr173_1.0_api.jar"/>
        <file name="orderfulfillment.jar"/>
        <file name="log4j-api-2.3.jar"/>
        <file name="log4j-core-2.3.jar"/>
        <file name="log4j-1.2-api-2.3.jar"/>
        <file name="log4j-slf4j-impl-2.3.jar"/>
        <file name="servlet-api.jar"/>
        <file name="uploadbean.jar"/>
      </lib>
    </orderfulfillment>
  </webapps>
  <yawllib>
    <file name="yawl-lib-4.2.jar" md5="3dbb88240213ec1a230f9167ec131095" size="2664474" timestamp="2019-03-20T16:59:47" path="AM"/>
  </yawllib>
  <controlpanel>
    <build>383</build>
    <file name="YawlControlPanel-4.2.jar" md5="d5892f3409d00710cd60eca1353ce4d8" size="339577" timestamp="2017-11-29T13:02:42" path="AM"/>
  </controlpanel>
  <paths>
    <path id="host">https://raw.githubusercontent.com/</path>
    <path id="base">yawlfoundation/yawl/master/</path>
    <path id="check">checksums/</path>
    <path id="A">build/3rdParty/lib/</path>
    <path id="B">build/engine/</path>
    <path id="C">src/org/yawlfoundation/yawl/engine/</path>
    <path id="D">build/yawlSMSInvoker/</path>
    <path id="E">src/org/yawlfoundation/yawl/smsModule/</path>
    <path id="F">build/yawlWSInvoker</path>
    <path id="G">graphics/</path>
    <path id="H">build/workletService/welcome/graphics/</path>
    <path id="I">src/org/yawlfoundation/yawl/worklet/jsp/</path>
    <path id="J">build/workletService/samples/worklets/</path>
    <path id="JP">build/workletService/samples/parents/</path>
    <path id="JR">build/workletService/samples/worklets/rules/</path>
    <path id="K">build/workletService/</path>
    <path id="L">build/workletService/welcome/</path>
    <path id="M">src/org/yawlfoundation/yawl/resourcing/jsf/jsp/</path>
    <path id="N">build/resourceService/welcome/graphics/</path>
    <path id="O">build/resourceService/resources/</path>
    <path id="P">build/resourceService/</path>
    <path id="Q">build/resourceService/welcome/</path>
    <path id="R">build/resourceService/jsf_xml/</path>
    <path id="S">src/org/yawlfoundation/yawl/resourcing/datastore/orgdata/</path>
    <path id="T">src/org/yawlfoundation/yawl/monitor/jsf/jsp/</path>
    <path id="U">build/monitorService/resources/</path>
    <path id="V">build/monitorService/</path>
    <path id="W">build/monitorService/jsf_xml/</path>
    <path id="X">build/costService/</path>
    <path id="Y">src/org/yawlfoundation/yawl/cost/xsd/</path>
    <path id="Z">build/twitterService/</path>
    <path id="AA">build/schedulingService/resources/</path>
    <path id="AB">build/schedulingService/schema/</path>
    <path id="AC">build/schedulingService/properties/</path>
    <path id="AD">build/schedulingService/</path>
    <path id="AE">build/digitalSignature/resources/</path>
    <path id="AF">src/org/yawlfoundation/yawl/digitalSignature/</path>
    <path id="AG">build/digitalSignature/</path>
    <path id="AH">build/mailSender/resources/</path>
    <path id="AI">src/org/yawlfoundation/yawl/mailSender/</path>
    <path id="AJ">build/mailSender/</path>
    <path id="AK">build/mailService/</path>
    <path id="AL">build/procletService/</path>
    <path id="AM">build/jar/</path>
    <path id="AN">build/documentStore/</path>
    <path id="AO">exampleSpecs/orderfulfillment/</path>
    <path id="AP">exampleSpecs/orderfulfillment/_examples/</path>
    <path id="AQ">exampleSpecs/orderfulfillment/carrierappointment/</path>
    <path id="AR">exampleSpecs/orderfulfillment/freightdelivered/</path>
    <path id="AS">exampleSpecs/orderfulfillment/freightintransit/</path>
    <path id="AT">exampleSpecs/orderfulfillment/img/</path>
    <path id="AU">exampleSpecs/orderfulfillment/ordering/</path>
    <path id="AV">exampleSpecs/orderfulfillment/payment/</path>
  </paths>
</checksums>

